,danceability,energy,loudness,speechiness,acousticness,instrumentalness,liveness,valence,tempo,id,duration_ms,time_signature
0,0.44,0.317,-9.258,0.0531,0.891,4.78e-06,0.141,0.268,169.914,6xGruZOHLs39ZbVccQTuPZ,233456,3
1,0.521,0.683,-6.24,0.501,0.159,0.0,0.187,0.737,139.439,4eHkG6yWQ4pD0zqVkV0R5a,161808,3
2,0.544,0.792,-8.73,0.343,0.261,0.0,0.267,0.628,87.891,5D87MkcNRiZ4AsVMwxRrC1,211766,4
3,0.726,0.779,-7.057,0.0251,0.0178,0.00178,0.104,0.841,109.133,0eRHyLCekRpdkuuFu237b7,212800,4
4,0.911,0.712,-5.105,0.0817,0.0901,2.68e-05,0.0933,0.425,92.005,6Sq7ltF9Qa7SNFBsV5Cogx,178567,4
5,0.437,0.605,-5.5,0.0329,0.00924,0.118,0.264,0.581,125.114,3LdLGNKCW0dNr14JQlZPQt,191160,4
6,0.745,0.758,-5.344,0.0434,0.0472,0.0,0.332,0.511,89.862,1ba35FVwUaQv6cGduL6Fr4,150152,4
7,0.158,0.0567,-24.076,0.0471,0.852,0.961,0.248,0.0366,108.669,63kjRQMoAaZeXqXdWBfEcs,278551,3
8,0.529,0.673,-4.711,0.175,0.000307,2.41e-06,0.093,0.366,165.921,3F5CgOj3wFlRv51JsHbxhe,218365,4
9,0.689,0.623,-5.025,0.0621,0.254,0.0,0.113,0.546,101.998,2tkPgj0Voqw5s2B4BsKxnU,210400,4
10,0.835,0.789,-7.362,0.254,0.213,0.0,0.0978,0.555,163.99,75gv6Lz2PM4n4GgDvcSImP,175598,4
11,0.659,0.857,-5.85,0.0437,0.0045,1.93e-06,0.335,0.798,106.965,4zP7ADsgJgHGY6VzxbNp1z,201960,4
12,0.65,0.715,-5.198,0.253,0.0993,0.000291,0.126,0.187,106.672,1IHWl5LamUGEuP4ozKQSXZ,243717,4
13,0.348,0.714,-5.394,0.154,0.0119,0.803,0.157,0.0349,154.714,0jN1Tv6z04zafIDUUSobVJ,186828,1
14,0.633,0.717,-3.875,0.0493,0.00602,0.0,0.151,0.602,142.951,4Gm1VAxKdLS9aL7bkbZZyr,172283,4
15,0.509,0.781,-3.48,0.0721,0.0391,0.0,0.0749,0.176,128.002,6Rb8fTrmmivroJEy4avjRm,271427,4
16,0.52,0.731,-5.338,0.0557,0.342,0.00101,0.311,0.662,173.93,4LRPiXqCikLlN15c3yImP7,167303,4
17,0.764,0.705,-3.463,0.0284,0.259,8.92e-05,0.12,0.781,110.97,3DarAbFujv6eYNliUTyqtz,208667,4
18,0.612,0.872,-4.938,0.197,0.0484,0.0,0.0862,0.587,90.883,0MrI5860scv6Zhv8eJlLjY,237253,4
19,0.742,0.587,-6.67,0.32,0.155,0.0,0.607,0.481,89.981,6RYvYpuG78mZ9ZbruGC69Q,154671,4
20,0.714,0.728,-4.595,0.0468,0.298,0.0,0.106,0.901,114.996,1qEmFfgcLObUfQm0j1W2CK,177955,4
21,0.753,0.657,-3.061,0.045,0.173,0.0,0.112,0.435,107.013,1XBL6XxdXb77tyjPIactJr,184732,4
22,0.834,0.628,-4.403,0.359,0.0849,0.0,0.0372,0.76,81.091,0elEjBWGVXPnMcDkHuUQlW,215504,4
23,0.642,0.695,-5.62,0.0281,0.000443,1.02e-05,0.0753,0.642,103.984,3yII7UwgLF6K5zW3xad3MP,230960,4
24,0.836,0.743,-6.305,0.0656,0.0995,0.0,0.335,0.722,108.966,1PckUlxKqWQs3RlWXVBLw3,191822,4
25,0.691,0.935,-2.545,0.349,0.389,0.0,0.496,0.652,130.035,1lTRbPKUMoeD0tHGdwQCaF,269607,4
26,0.755,0.837,-2.718,0.142,0.0991,0.0,0.289,0.714,120.028,0HPD5WQqrq7wPWR7P7Dw1i,199693,4
27,0.597,0.527,-8.658,0.0412,0.127,0.0,0.14,0.535,123.946,59yeBiuPekqUhkuOj96Wc8,168387,4
28,0.463,0.642,-4.474,0.34,0.314,0.0,0.0686,0.339,83.389,59nOXPmaKlBfGMDeOVGrIK,189893,4
29,0.65,0.825,-4.645,0.0325,0.0215,2.44e-05,0.0936,0.593,118.091,37BZB0z9T8Xu7U3e65qxFy,191014,4
30,0.677,0.557,-9.498,0.472,0.114,0.0,0.137,0.797,84.926,6ZIR3HiLbpy5xPAShl2a7u,217881,4
31,0.22,0.111,-20.323,0.0339,0.951,0.852,0.0995,0.0901,171.957,5hhw7WkW1tJ5hFVEme6Mle,326760,4
32,0.733,0.67,-6.009,0.0751,0.121,0.0,0.121,0.472,100.964,0O6u0VJ46W86TxN9wgyqDj,192841,4
33,0.677,0.744,-6.806,0.0296,0.0405,0.000153,0.074,0.631,124.077,1D5bgpjwcxnxnECQEn7m1z,152913,4
34,0.905,0.563,-6.135,0.102,0.0254,9.71e-06,0.113,0.324,106.998,1rDQ4oMwGJI7B4tovsBOxc,173948,4
35,0.801,0.601,-7.574,0.255,0.0777,3.23e-05,0.145,0.74,159.969,0hquQWY3xvYqN4qtiquniF,182907,4
36,0.926,0.56,-2.238,0.048,0.18,5.39e-05,0.0804,0.974,92.916,2HNvVE43C2cgqFht62Vqph,267960,4
37,0.804,0.674,-5.453,0.0333,0.294,1.18e-06,0.115,0.292,99.968,6Xom58OOXk2SoU711L2IXO,245940,4
38,0.809,0.548,-10.46,0.113,0.564,0.844,0.0964,0.104,120.003,7niIWQiDqvFvyNtRJBgjIg,308000,4
39,0.647,0.686,-5.745,0.0413,0.08,1.34e-06,0.528,0.268,79.928,3k3NWokhRRkEPhCzPmV8TW,258299,4
40,0.671,0.806,-5.198,0.0889,0.0305,1.2e-05,0.298,0.646,104.39,2AklTah8huTcBtPGU3Tu5L,202440,4
41,0.801,0.475,-8.797,0.0516,0.141,1.73e-05,0.0639,0.234,98.047,5Eax0qFko2dh7Rl2lYs3bx,213061,4
42,0.854,0.806,-8.262,0.0886,0.0209,0.0542,0.0703,0.637,124.927,2dPeFO5SPM4WewrtyxxuwL,157890,4
43,0.731,0.85,-4.913,0.0336,0.252,0.0,0.605,0.644,119.706,5uU1uuyaUIBOiiUSQG7Wl3,157478,4
44,0.768,0.864,-6.149,0.0324,0.101,0.0,0.162,0.891,110.009,36mtwkNhdENT8UDqOIZAb7,173027,4
45,0.829,0.799,-5.389,0.0897,0.0151,0.000543,0.242,0.471,97.013,4tYFy8ALRjIZvnvSLw5lxN,227629,4
46,0.731,0.867,-5.881,0.032,0.0394,0.0,0.0861,0.776,104.02,594T8WGti1SFxj7nA0bf0h,200373,4
47,0.564,0.903,-3.221,0.307,0.356,0.0,0.175,0.607,78.293,1dm6z1fWB0cErMszU25dy2,230400,4
48,0.693,0.767,-6.822,0.0544,0.0255,4.5e-06,0.158,0.204,123.014,26AXFaooZfNBmEfFLH0i1p,190733,4
49,0.52,0.731,-5.338,0.0557,0.342,0.00101,0.311,0.662,173.93,4Dvkj6JhhA12EX05fT7y2e,167303,4
50,0.709,0.692,-4.903,0.0338,0.199,0.0,0.106,0.624,96.624,3rz3j6GgJToW32pPoK2ANL,181787,4
51,0.704,0.797,-5.927,0.0475,0.0826,0.000745,0.0546,0.825,139.994,4h9wh7iOZ0GGn8QVp4RAOB,148486,4
52,0.857,0.796,-6.866,0.0527,0.079,0.0,0.0503,0.944,132.528,3v4km1NkY4M8jZ7J4ohzHR,204600,4
53,0.881,0.592,-4.898,0.0324,0.619,1.32e-05,0.0901,0.719,101.058,0mBP9X2gPCuapvpZ7TGDk3,154487,4
54,0.429,0.834,-6.61,0.261,0.0106,0.0,0.163,0.664,179.932,4u2gL1g6AgF2vlAURETOXi,110517,4
55,0.87,0.516,-8.006,0.0541,0.656,0.00823,0.11,0.53,111.005,7dSZ6zGTQx66c2GF91xCrb,210200,4
56,0.494,0.939,-3.608,0.0354,0.000768,0.0,0.118,0.645,140.992,5HcV3YJu0u1PERen9uSV0T,189149,4
57,0.687,0.887,-5.04,0.0826,0.0575,2.21e-06,0.27,0.853,114.941,2KukL7UlQ8TdvpaA7bY3ZJ,278282,4
58,0.289,0.161,-16.482,0.033,0.798,0.000166,0.455,0.15,88.972,67miUQbUxLQipKWO7yfpLH,145201,5
59,0.72,0.715,-4.652,0.04,0.258,0.0568,0.107,0.357,107.041,5LYMamLv12UPbemOaTPyeV,193813,4
60,0.592,0.193,-13.876,0.0334,0.955,0.00508,0.117,0.383,127.381,3B26XqOpSrxKSPKWJCVlwF,145414,4
61,0.686,0.507,-7.097,0.0357,0.626,7.51e-05,0.383,0.69,168.955,5CM4UuQ9Gnd6K2YyKGPMoK,232115,4
62,0.494,0.939,-3.608,0.0354,0.000768,0.0,0.118,0.645,140.992,47TcNyFx6YGe7OKZHnOfFW,189149,4
63,0.795,0.684,-3.971,0.0419,0.0225,0.0,0.658,0.419,114.011,41oY4WCTj5kccfesTVFnvN,237895,4
64,0.726,0.371,-17.857,0.0722,0.021,0.664,0.114,0.0799,141.059,2lGrMaDv56BVIxNrgT5GY7,60966,4
65,0.369,0.192,-12.151,0.04,0.555,8.35e-06,0.0954,0.148,175.212,3WMj8moIAXJhHsyLaqIIHI,228013,3
66,0.756,0.809,-3.655,0.0541,0.0173,3.69e-06,0.66,0.64,109.901,3uRUbppUFPsmrccRXSDAjE,264847,4
67,0.877,0.56,-3.751,0.0596,0.00721,1.45e-06,0.0839,0.154,119.971,3S68RFe1lsdCdTMPIMJM3X,216136,4
68,0.286,0.469,-8.899,0.0386,0.303,4.98e-05,0.103,0.198,139.333,423Fvj5rrjrP5TdTTmPLa1,225811,4
69,0.808,0.582,-6.26,0.338,0.827,0.0,0.111,0.675,77.471,6EbVuwU7EnKeF2hdpViXCH,148817,4
70,0.614,0.618,-6.792,0.032,0.492,0.0,0.0729,0.587,139.881,75BZyT4TyhMxosebOxr1Sn,272939,4
71,0.686,0.445,-7.189,0.0398,0.484,0.00144,0.175,0.626,145.5,51Zw1cKDgkad0CXv23HCMU,164533,3
72,0.521,0.683,-6.24,0.501,0.159,0.0,0.187,0.737,139.439,16TeLUubmneRAhwmRAMbjM,161808,3
73,0.507,0.294,-10.0,0.04,0.896,1.97e-05,0.0966,0.386,114.199,6uvh0In7u1Xn4HgxOfAn8O,245964,4
74,0.351,0.482,-8.757,0.0373,0.273,2.99e-05,0.106,0.156,139.8,6OkHGXt22tcbwkRugFMzoB,225811,4
75,0.787,0.546,-7.094,0.0532,0.305,4.55e-05,0.122,0.222,93.05,5CzixCxDkRXX9mScCmah8O,176936,4
76,0.473,0.296,-37.854,0.194,0.0604,0.00193,0.281,0.0299,103.638,7nrWOQFZWhFeyX9rKm44dk,3100640,3
77,0.853,0.495,-14.63,0.14,0.0917,0.000217,0.0844,0.0774,137.027,4rmVZajAF7PkrCagGPHbqa,243228,4
78,0.576,0.984,-4.694,0.0309,0.000237,0.784,0.189,0.296,134.849,4ipwKNmXBjb359j96ujkxh,220708,4
79,0.723,0.772,-6.784,0.0792,0.00524,1.15e-05,0.367,0.58,102.004,4cacyP5c3PMlfnyjpg13xW,146471,4
80,0.771,0.959,-4.118,0.294,0.31,0.0,0.17,0.712,81.526,7CT6n85AuowzdPKFl9cXM4,260058,4
81,0.663,0.786,-3.51,0.195,0.229,0.0,0.219,0.579,196.12,1797zYiX4cKosMH836X9Gt,198367,4
82,0.328,0.437,-18.794,0.0722,0.0314,0.0,0.612,0.253,93.994,5bOP7QNXOdbaIP5uyN8Jrv,93623,1
83,0.576,0.457,-6.473,0.0304,0.143,3.05e-05,0.0917,0.301,138.984,0rzaRSujxA0bKyjJl6vHYq,218577,4
84,0.503,0.77,-7.379,0.0356,0.00511,1.11e-05,0.127,0.558,141.996,7hTp6fqhhfl3jrrvWEGW5r,235178,4
85,0.872,0.588,-6.276,0.0492,0.275,0.0,0.17,0.93,142.004,5kVZxyMY1gfdCLiChsfjn1,230704,4
86,0.399,0.579,-10.155,0.0295,0.000527,0.838,0.0968,0.158,92.512,0ZQgWgsIfaECd7Cket7TVO,274265,4
87,0.876,0.498,-7.511,0.0478,0.0706,0.0,0.143,0.428,122.016,31i56LZnwE6uSu3exoHjtB,173119,4
88,0.589,0.801,-3.614,0.0325,0.608,1.71e-05,0.113,0.841,140.014,0oLoGMQkCrBw0vRQfMw1rl,256456,4
89,0.645,0.721,-4.394,0.0336,0.357,0.143,0.204,0.88,182.928,4j6kId9QIqhoXvqHKgSKa0,191959,4
90,0.555,0.771,-11.511,0.0383,0.00204,0.136,0.36,0.269,126.358,1U7isoIVpgTXGjIUi5LUEf,197855,3
91,0.79,0.67,-5.527,0.105,0.377,2.32e-06,0.119,0.408,139.956,0fX4oNGBWO3dSGUZcVdVV2,195950,4
92,0.791,0.756,-8.457,0.0445,0.0138,0.795,0.0716,0.203,112.994,5VnuU70qRWGrkLPkMLTiD4,309494,4
93,0.559,0.535,-7.723,0.039,0.719,0.000143,0.0954,0.402,141.96,3i058E8uxTsYqJ5NWZzqSj,202183,4
94,0.767,0.586,-9.886,0.0639,0.0549,0.0615,0.478,0.343,120.022,26iSIshoolIrb0jE135S3Q,408000,4
95,0.345,0.612,-6.543,0.0608,0.232,0.0,0.194,0.232,179.773,59CfNbkERJ3NoTXDvoURjj,153000,3
96,0.448,0.973,-4.336,0.0356,0.0202,0.894,0.284,0.29,137.822,5oFsYgfoaWsfQsEqq4ueSe,242916,4
97,0.814,0.628,-7.178,0.221,0.167,0.0,0.101,0.677,123.977,7mFj0LlWtEJaEigguaWqYh,201334,4
98,0.796,0.798,-6.312,0.0317,0.034,4.19e-05,0.0952,0.942,116.032,4Rfyd7l9GhfpOvpKAaVg8S,202735,4
99,0.883,0.657,-5.748,0.305,0.0603,0.0,0.128,0.284,124.992,1qMMYpVatbRITKCfq1gasi,172933,4
100,0.464,0.981,-5.747,0.137,1.63e-06,0.787,0.115,0.471,155.007,07YCdWDFpifgVQSSjEA3JS,289520,4
101,0.607,0.912,-3.449,0.0611,0.124,0.0,0.332,0.722,134.944,200x8ONbPfFzByUr3fVz46,206107,4
102,0.471,0.984,-5.359,0.128,0.0,0.887,0.103,0.362,130.012,57EB7KVs5VYoEipWwXZ7vB,271387,4
103,0.669,0.773,-5.619,0.153,0.038,0.0,0.113,0.377,93.923,7DwcBgdzqhFJltEaV1XF81,185857,4
104,0.441,0.283,-23.314,0.0326,0.65,0.844,0.116,0.201,80.002,4vhI1QMQdiugqqyCCSqaf0,216094,4
105,0.721,0.479,-9.669,0.226,0.321,0.00156,0.182,0.902,164.948,2NcQic8JxdjAlAHuNbOIRE,140242,3
106,0.464,0.968,-5.483,0.111,1.46e-06,0.612,0.225,0.625,160.04,5yj1dm48yVNOfJyiWt5RUv,208947,4
107,0.582,0.568,-7.3,0.0275,0.577,0.0,0.105,0.394,121.991,4686eQ81DEswHa90bcdlC9,207541,3
108,0.877,0.808,-7.502,0.0401,0.0426,0.248,0.119,0.966,133.237,14mRtbBGeqILGZI1r49Uv5,230840,4
109,0.833,0.652,-6.942,0.0762,0.00161,0.0985,0.106,0.405,158.022,0LnS7aOdOdI1dNKZqdOLz4,135053,4
110,0.282,0.973,-5.784,0.165,1.64e-06,0.653,0.281,0.584,157.972,0hM8AIivT8bikiYbSIXins,297813,4
111,0.712,0.861,-5.487,0.25,0.0182,6.09e-06,0.511,0.388,84.042,06JvOZ39sK8D8SqiqfaxDU,148571,4
112,0.379,0.987,-4.738,0.188,1.46e-06,0.659,0.529,0.248,160.097,7c0xeLh1Dun4gevWAQZKO7,157440,4
113,0.821,0.636,-4.479,0.169,0.142,0.0,0.233,0.163,127.961,0QNNd0qMCDbraS1nQPg3aA,142657,4
114,0.433,0.976,-5.135,0.0897,1.28e-06,0.791,0.123,0.626,170.205,5O65MsBzz1cEl3Dmd2QjfN,278760,4
115,0.555,0.536,-8.233,0.0452,0.669,0.0,0.0623,0.203,118.057,1mw0RgNXIpYRyyCdBQbLgA,191638,4
116,0.458,0.992,-5.674,0.17,1.52e-06,0.695,0.076,0.439,154.987,2i8RxKKuJyEyKvkh6Khant,324853,4
117,0.608,0.745,-4.13,0.0277,0.0226,6.47e-06,0.0942,0.464,102.025,28n8z9IQKyjMPxmvYMBqZa,224427,4
118,0.291,0.949,-5.583,0.0985,1.38e-06,0.858,0.221,0.445,95.036,6k3aSULXftjtfvoiLWWkIe,384160,4
119,0.499,0.671,-6.774,0.0561,0.114,0.0169,0.148,0.0557,124.994,28JBD8p18xNuOfyV7Cotdn,336924,3
120,0.69,0.789,-8.286,0.0448,0.912,0.0123,0.122,0.936,89.704,2MhAeWrUUWfE2rtvwmhb18,75333,4
121,0.775,0.736,-8.072,0.247,0.319,0.00116,0.127,0.362,100.988,2g6tReTlM2Akp41g0HaeXN,239027,4
122,0.606,0.414,-16.093,0.0343,0.905,0.943,0.294,0.829,107.983,1mhUDxfJryrpt9E7LZaRQC,122000,4
123,0.829,0.644,-7.696,0.0427,0.354,0.0511,0.0944,0.896,105.993,35TyJIMR3xRouUuo2sjS6v,243508,4
124,0.649,0.605,-8.329,0.0298,0.304,0.0,0.603,0.797,140.055,2bsDuMYpeGQxkXgTZRa2ER,295962,4
125,0.777,0.595,-6.79,0.0375,0.59,0.00139,0.0669,0.546,108.02,0E0DRHf5PfMeor0ZCwB3oT,244444,4
126,0.418,0.986,-5.287,0.107,1.11e-06,0.902,0.0817,0.561,170.041,6u58l9CgS5FaxvWZf3Ip03,296827,4
127,0.707,0.811,-5.298,0.0304,0.311,0.0152,0.131,0.899,113.971,69w5X6uTrOaWM32IetSzvO,187342,4
128,0.458,0.984,-5.678,0.0791,1.55e-06,0.799,0.205,0.718,155.103,74tO2k3xlibifqmx6Lpgdc,361347,4
129,0.559,0.885,-4.515,0.189,0.0432,0.0,0.333,0.683,172.029,10SRMwb9EuVS1K9rYsBfHQ,193594,4
130,0.268,0.933,-5.366,0.147,1.93e-06,0.393,0.149,0.486,164.064,5bZgaJNvx65U9SB6AfnHD4,253093,4
131,0.376,0.657,-4.658,0.0768,0.0858,0.0,0.0884,0.203,80.565,1r8ZCjfrQxoy2wVaBUbpwg,164782,4
132,0.381,0.959,-5.265,0.21,2.17e-06,0.0688,0.272,0.583,180.241,36PqjBEHJXuq99F7CFkyC7,270120,4
133,0.797,0.616,-10.229,0.375,0.762,0.000293,0.0979,0.451,103.071,44XjoNvtwevktFKjvVe1vH,339612,4
134,0.214,0.165,-10.832,0.032,0.9,0.0,0.111,0.161,86.195,69sdSYaI6o7ta9gjFVGgcE,224632,1
135,0.524,0.643,-6.055,0.0297,0.451,0.0,0.221,0.397,135.962,5gVCfYmQRPy1QJifP8f5gg,232059,4
136,0.509,0.863,-5.968,0.0307,0.00112,0.0207,0.331,0.0811,134.676,0blrlOlHku8MBGAavtvgsn,251244,4
137,0.529,0.695,-6.174,0.0278,0.488,1.24e-05,0.142,0.514,139.993,6NHpyYvJyQsg2nXXzGYc2R,215572,4
138,0.379,0.978,-5.119,0.151,0.0,0.875,0.142,0.423,170.011,1e9GEPlq8z4NpJUZN1zFrF,251733,4
139,0.861,0.645,-6.96,0.0743,0.423,0.000592,0.349,0.668,121.391,2uflssWlCaJ6CbTMOsUpNI,210989,5
140,0.464,0.861,-8.493,0.681,0.00674,0.0,0.703,0.218,64.12,6RVoGOMEywzerRieiw5t9m,87656,4
141,0.839,0.69,-4.464,0.0615,0.207,8.33e-06,0.176,0.744,151.991,6VrQTLzzuyGIYjUDe4kAZk,196413,4
142,0.119,0.375,-13.836,0.0511,0.298,0.927,0.11,0.142,79.575,7k3vvF7gbBVW9ejRn0zBOU,151819,4
143,0.756,0.697,-6.377,0.0401,0.182,0.0,0.333,0.956,94.996,0QBzMgT7NIeoCYy3sJCof1,206071,4
144,0.226,0.58,-3.661,0.0414,0.771,0.0,0.126,0.191,77.726,6hnwbz6odadbu3bmMUHEv4,294827,5
145,0.602,0.796,-5.609,0.0465,0.146,0.0,0.125,0.53,106.005,6AqwH2Y9FJwhUE2dCSkw1u,189780,4
146,0.611,0.398,-10.025,0.0264,0.812,0.947,0.135,0.586,128.136,3zxhdXTqGsmdq3xrRyCTP1,120000,4
147,0.824,0.697,-4.869,0.0473,0.158,4.11e-05,0.077,0.757,99.988,7fYRg3CEbk6rNCuzNzMT06,214460,4
148,0.718,0.584,-9.866,0.0293,0.0498,0.89,0.14,0.587,127.94,19x7ntn4azINjmEIQhtNed,116250,4
149,0.713,0.689,-5.99,0.255,0.16,0.0,0.136,0.63,156.934,1oc92BMKYkNxK17C2GtyRM,171319,4
150,0.572,0.413,-13.481,0.0333,0.557,0.00496,0.112,0.452,166.009,4fLc4EG3fjEvS7l1qiI22w,222374,4
151,0.878,0.685,-5.28,0.225,0.00152,0.0,0.0753,0.523,157.003,3uJFmluXzYedoJcvhpC1AW,211649,4
152,0.9,0.589,-6.862,0.173,0.0334,0.0139,0.0805,0.678,107.993,1c3aklQsFCwptZyLcvE2oe,223190,4
153,0.535,0.618,-5.668,0.382,0.0245,0.0,0.103,0.211,165.991,6ws54n2IzyrIxxyzlG2bVJ,213976,4
154,0.485,0.292,-13.89,0.0274,0.59,9.87e-05,0.11,0.355,96.978,4ZLcLBGnrTGXVK48bzS9ss,201329,4
155,0.817,0.67,-6.534,0.0506,0.123,1.92e-06,0.128,0.495,130.058,4d4ZXH4dr5bYfgErHiZCX2,208615,3
156,0.477,0.543,-9.754,0.04,0.841,8.61e-05,0.0985,0.593,146.401,2yuRiL4D6YuupXs2UiuVCG,98400,4
157,0.479,0.768,-5.204,0.0312,7.02e-05,0.00549,0.121,0.576,110.024,6Tm4Io4ct4w14nB1EUzsY3,183790,4
158,0.885,0.157,-23.074,0.0592,0.534,0.866,0.11,0.786,99.995,5lA9sILUX3Ie2XrXSGtHrU,167981,4
159,0.629,0.698,-4.485,0.308,0.0509,0.00166,0.0909,0.599,117.765,0UvZcEfpzVyx47QsRbjyBz,201816,4
160,0.864,0.21,-22.485,0.0743,0.503,0.879,0.105,0.898,129.93,2Q7PLag4LFqOB4Rta73Hxv,147681,4
161,0.578,0.431,-7.034,0.0269,0.469,0.0,0.137,0.21,116.979,1TUuhV75FeOF6UObRsABo2,226975,3
162,0.614,0.615,-7.971,0.043,0.13,0.0494,0.384,0.374,80.297,4UXBXbOHkN2ByEW7GMi6E5,304011,4
163,0.742,0.527,-6.892,0.0769,0.327,0.0,0.25,0.638,84.974,3o9kpgkIcffx0iSwxhuNI2,169238,4
164,0.558,0.0847,-20.316,0.0438,0.939,0.26,0.1,0.532,142.577,4Rec8Cm7xGxdrhMxCYU9Kd,225000,4
165,0.647,0.765,-6.459,0.06,0.111,0.0,0.315,0.855,79.994,58UKC45GPNTflCN6nwCUeF,161853,4
166,0.472,0.576,-16.368,0.036,0.844,0.912,0.19,0.842,86.341,1pkC7ik3IwiwIoLSgzqYRD,146000,4
167,0.869,0.298,-12.076,0.386,0.2,0.0,0.0753,0.178,77.47,5cx7vkF8BQ0iOsVpfvZbnz,161355,4
168,0.35,0.127,-18.467,0.0351,0.94,0.893,0.0772,0.216,101.419,5aEWmo58rXyIpeK4WSWqeu,649000,4
169,0.695,0.636,-4.654,0.317,0.234,0.0,0.081,0.575,174.14,2rurDawMfoKP4uHyb2kJBt,172235,4
170,0.319,0.148,-19.195,0.0438,0.948,0.811,0.199,0.164,95.359,2VIefSHPIMd7B6QPpX54Qu,513000,3
171,0.773,0.707,-5.71,0.0568,0.0103,1.04e-05,0.296,0.113,76.977,6wyhUr4Xw8z5uSy0AhoZfU,236187,4
172,0.265,0.116,-19.581,0.0361,0.962,0.911,0.0639,0.141,97.857,6oQ2HG7O0qGc3OLOjP7VRi,605000,4
173,0.843,0.7,-3.563,0.0803,0.0934,0.0,0.14,0.899,93.991,1ri9ZUkBJVFUdgwzCnfcYs,226088,4
174,0.499,0.373,-7.811,0.0363,0.844,0.0,0.135,0.425,119.778,6tfAzsD05DTKGo4MQCgNcT,205518,4
175,0.81,0.789,-5.08,0.0846,0.191,1.08e-05,0.467,0.77,105.009,2NMjggapJcXXM7WccGEBUO,176000,4
176,0.652,0.664,-6.422,0.038,0.00758,0.00199,0.0937,0.599,135.017,2BGGgxDFHRyyzvjjKzbEUl,270220,4
177,0.544,0.786,-2.97,0.0501,0.00991,0.0,0.169,0.446,153.967,6Jkm5kUldvIqxzI1Pa7nXH,157138,4
178,0.717,0.932,-1.607,0.153,0.0285,0.107,0.0949,0.961,123.906,1Ihpps7NA0Qhu3uUa3x7K6,270461,4
179,0.714,0.645,-5.493,0.0514,0.229,0.00083,0.0942,0.434,85.046,28GCbKgjlVD9eDmasGbe0T,180930,4
180,0.674,0.87,-6.404,0.0415,0.00072,0.00875,0.0247,0.759,127.988,3aSEwDuVlabNvITpOKkiwT,270069,4
181,0.912,0.774,-4.673,0.0455,0.121,0.0127,0.101,0.632,119.966,10xV5l9nhLvFpR8mqzs0bL,155589,4
182,0.736,0.887,-7.121,0.143,0.779,1.27e-06,0.101,0.874,82.008,1Gf36LzOmcIn8vcQMrQIm2,224126,4
183,0.852,0.421,-9.153,0.208,0.428,2.28e-06,0.106,0.457,95.977,1QPreu0BNOrUfEb8HTd2qG,202285,4
184,0.503,0.496,-9.123,0.0556,0.693,0.0,0.123,0.412,187.844,18HOjcvTVV7W8YzBuOsAPS,148143,4
185,0.43,0.86,-7.032,0.265,0.0267,0.301,0.807,0.369,179.968,3Uskm1BFladbHCBqQSxbKl,600899,4
186,0.907,0.577,-6.737,0.0767,0.438,3.19e-05,0.137,0.801,140.07,3lzUeaCbcCDB5IXYfqWRlF,220779,4
187,0.564,0.767,-5.839,0.0297,0.000279,0.000983,0.184,0.221,114.006,5KOr7JBQfQ1vbjGa189Gw6,333880,4
188,0.773,0.422,-4.572,0.187,0.00783,0.00693,0.129,0.488,77.502,3XOalgusokruzA5ZBA2Qcb,136267,1
189,0.418,0.125,-20.471,0.0324,0.936,0.811,0.142,0.356,97.058,332ERDsBLIekg5IZDwb2tB,434000,3
190,0.71,0.522,-9.102,0.36,0.615,0.0,0.11,0.37,96.448,3EMp20j5E42MxfFbsEsIvD,309327,4
191,0.363,0.0472,-19.968,0.039,0.967,0.826,0.162,0.0745,114.36,1bEgBgMIfdpvw0HcCapAks,208000,4
192,0.417,0.202,-10.976,0.0357,0.935,0.0,0.108,0.323,118.029,6qj02zSeEJGWZ4c0dn5QzJ,194544,4
193,0.417,0.452,-16.777,0.0487,0.839,0.83,0.098,0.751,175.667,6pRgYY5NtiwCNQ4yT2jAXQ,141000,4
194,0.614,0.644,-5.372,0.0426,0.0134,7.07e-06,0.117,0.651,160.036,0IuVhCflrQPMGRrOyoY5RW,206772,4
195,0.54,0.1,-26.114,0.0354,0.91,0.0511,0.0558,0.403,93.788,0azOkHfzw0pLGF41f8Khmw,273000,4
196,0.362,0.54,-6.031,0.0528,0.338,0.0,0.139,0.3,78.007,1ei3hzQmrgealgRKFxIcWn,216410,3
197,0.628,0.347,-15.495,0.0334,0.887,0.971,0.202,0.69,96.247,6VB4GnzupnwBCA17kQFqdw,210000,4
198,0.718,0.758,-8.29,0.0703,0.238,0.00653,0.11,0.349,118.989,1vbn9fEyw1IYhqgZJdu9ZB,266179,4
199,0.659,0.741,-4.354,0.0388,0.072,0.0,0.166,0.454,122.013,4NRBjAMDh8layJcLqlTF47,256760,4
200,0.617,0.378,-8.54,0.0315,0.428,9.16e-05,0.11,0.22,141.967,3XgGQ1wjo5khvq2UImjyNF,216063,4
201,0.524,0.807,-4.16,0.0579,0.00415,0.000834,0.212,0.62,124.127,1qtBLES6SONpxdNA81dI28,246813,4
202,0.639,0.518,-13.892,0.312,0.108,0.0,0.307,0.497,145.058,1JIgFmCP5OCTEGV866WP3b,165517,4
203,0.667,0.669,-6.264,0.0326,0.441,0.00229,0.215,0.947,98.266,6MD0SRIDE7WU06BafJTPte,178493,4
204,0.69,0.626,-5.693,0.306,0.105,0.000335,0.0881,0.912,184.009,1BSMpVGWs3v5BZKnAQziAc,185681,4
205,0.741,0.92,-4.457,0.0516,0.182,0.122,0.0903,0.739,110.141,0KfKbafliCudjGyo7Pjmd3,325267,4
206,0.849,0.584,-8.195,0.115,0.0929,6.18e-06,0.492,0.724,115.018,0wihfILRNOwE2156Shezc8,139041,4
207,0.744,0.733,-4.061,0.141,0.019,0.0,0.26,0.34,130.012,0MHZpGOPZhiBKxR40oRmXj,264147,4
208,0.576,0.627,-4.649,0.0449,0.0385,0.0,0.181,0.311,164.998,6kxaaIeowajN7w21PfMLbu,176059,4
209,0.699,0.639,-12.775,0.0477,0.0617,0.917,0.0773,0.18,124.99,25jKHAwh2TRw7J8LcFqfsl,376000,4
210,0.643,0.605,-5.968,0.297,0.0336,0.0,0.112,0.145,84.216,3ihIZrJreMJPjQdNLrEXnP,200471,4
211,0.362,0.858,-3.92,0.0743,0.00211,1.3e-06,0.25,0.282,127.891,1T7BiLyFaZKCNNFAMP4PVz,196347,4
212,0.56,0.473,-7.23,0.0533,0.618,0.0,0.31,0.441,109.414,3yMC1KsTwh0ceXdIe4QQAQ,175345,4
213,0.742,0.792,-5.336,0.0863,0.000681,0.126,0.0653,0.594,131.977,2GN0M64unZFzF8Mez8RL1F,262727,4
214,0.574,0.369,-8.931,0.0814,0.753,0.0,0.147,0.44,84.975,00imgaPlYRrMGn9o83hfmk,226011,4
215,0.614,0.934,-3.709,0.07,0.0697,0.0,0.121,0.436,116.001,4VAZH3smXXFMH2BGSP5RhU,174760,4
216,0.793,0.308,-10.414,0.0466,0.613,1.68e-05,0.0953,0.46,135.143,7Fege3yv4dvehB3NdRBGwI,200000,4
217,0.745,0.913,-6.508,0.0624,0.0717,0.265,0.0498,0.763,127.993,2SjBYRFi8j5jZaOOS6Nvid,270000,4
218,0.799,0.653,-5.453,0.037,0.019,0.0,0.0935,0.236,104.019,3vySEUpD0tc801F2WZDLYw,215281,4
219,0.748,0.787,-5.939,0.22,0.124,7.77e-05,0.028,0.898,129.997,4rtAK47x8GeyUC5cxgFJzo,251113,4
220,0.783,0.722,-4.864,0.0357,0.00537,0.00209,0.105,0.306,97.031,4XKXphKH76W4zNpkgFS5o2,180022,4
221,0.693,0.643,-5.855,0.0368,0.0085,0.00912,0.0399,0.788,131.991,5X70OJdWtSai8LfmVniNbr,261818,4
222,0.646,0.816,-2.65,0.0269,0.00496,0.0,0.179,0.865,102.972,3SeeaIXnrCfT88vHVCRWHl,181991,4
223,0.793,0.749,-4.692,0.0742,0.0499,0.000298,0.0321,0.853,128.011,67scmhrpM0jxO5Uw8zbL8q,284998,4
224,0.6,0.482,-11.596,0.0701,0.512,0.000104,0.115,0.323,121.909,0nAZGkBGKQCXyaoSJfRhC1,173097,4
225,0.571,0.797,-4.784,0.0521,0.00107,0.00364,0.074,0.922,179.98,3PDG31h8lEYM653ayKIaXV,272000,4
226,0.795,0.526,-9.086,0.204,0.067,2e-06,0.134,0.194,140.037,7ohROa13QK43JBRqfCmz4P,181393,4
227,0.682,0.69,-6.445,0.033,0.00188,0.0213,0.116,0.961,131.986,2OJFOYPQaSpLraDb2nqCme,247272,4
228,0.902,0.582,-5.902,0.109,0.111,3.18e-06,0.111,0.332,107.005,0wHFktze2PHC5jDt3B17DC,173948,4
229,0.8,0.567,-8.916,0.0814,0.00144,0.815,0.0605,0.967,143.961,5I64qCyYrFPBRWN00zUkVe,255000,4
230,0.65,0.76,-4.422,0.0446,0.255,0.0,0.339,0.838,93.057,2SLwbpExuoBDZBpjfefCtV,214194,4
231,0.436,0.948,-5.515,0.0558,0.0974,0.00375,0.14,0.696,122.609,4VVh7xorogYHk5FK7W6mmQ,199136,4
232,0.765,0.627,-4.607,0.0622,0.000916,0.195,0.0847,0.536,118.997,4FIgHqXd4KkOwxrGeLDYM2,308820,4
233,0.62,0.882,-5.392,0.0693,0.0042,3.94e-05,0.0661,0.76,127.999,7aDVw73KoEF4UrnN8MRwag,255000,4
234,0.724,0.818,-3.747,0.168,0.0201,0.0,0.0358,0.696,77.004,69xohKu8C1fsflYAiSNbwM,204940,4
235,0.666,0.791,-10.733,0.0382,0.00855,0.85,0.0722,0.354,138.013,5r23W2CfblEyO9B1SvAXAl,237857,4
236,0.587,0.614,-6.344,0.0435,0.0306,0.0,0.399,0.451,160.075,1CfuBY3BDdKpooQ9L5zgUc,227527,4
237,0.3,0.942,-1.956,0.102,0.000698,0.00922,0.111,0.255,165.376,4ujD4hVZgeCaXIHozlEBno,252867,4
238,0.574,0.736,-4.743,0.0465,0.146,1.66e-05,0.407,0.344,138.501,5XFoaqV1Z8XaLJidchVWhh,328573,4
239,0.62,0.917,-3.806,0.0337,0.000487,0.0,0.113,0.581,124.857,7fYX46VXhDuuoc3UcYKBaw,258427,4
240,0.936,0.497,-7.185,0.41,0.0324,0.0,0.111,0.364,138.016,30vAfL9Wyu2fu07vdbZ1Xt,146732,4
241,0.395,0.495,-9.087,0.0329,0.496,0.0378,0.12,0.517,168.01,7itJkxkJcMkRLpfguLjxCA,188044,4
242,0.872,0.422,-7.415,0.363,0.0254,0.0,0.109,0.778,149.956,3GbQcjKWT7eVpUfzqwUjxv,180666,4
243,0.282,0.862,-3.578,0.0484,0.00392,0.0,0.107,0.366,113.808,4QgSrt2SqD0kRP59aiBRrL,319987,3
244,0.542,0.82,-6.073,0.0432,0.000682,0.000136,0.0561,0.702,124.85,3j1xkzTW8owIphkWV51V9s,234341,4
245,0.518,0.963,-3.516,0.0654,0.113,0.0,0.221,0.662,113.893,5nlAtDjfqF58o3O9cATwE4,287960,4
246,0.608,0.626,-4.773,0.301,0.597,2.16e-06,0.25,0.246,176.086,71wFwRo8xGc4lrcyKwsvba,250534,4
247,0.579,0.259,-24.438,0.517,0.974,1.35e-06,0.685,0.464,116.044,2qhgPZk7v1U3KbOZhGKdAG,181000,5
248,0.669,0.773,-5.619,0.153,0.038,0.0,0.113,0.377,93.923,32vE1nuG8T9c8bhmZdRY6d,185857,4
249,0.597,0.672,-6.956,0.0406,0.528,0.0,0.123,0.195,97.946,3XrYZCn03AnNCU7KqWD1C1,198227,4
250,0.883,0.657,-5.748,0.305,0.0603,0.0,0.128,0.284,124.992,5qgFgsrrxOjyPmX5YCuK2E,172933,4
251,0.555,0.879,-2.484,0.0983,0.011,0.0,0.298,0.691,113.852,7LvMxB6tQtFIRbCUA9BBjD,207755,4
252,0.826,0.276,-11.227,0.266,0.62,8.53e-05,0.118,0.484,123.985,7sT7kZEYd1MrmzLLIRVZas,129965,4
253,0.559,0.837,-4.062,0.0391,0.0617,0.0,0.393,0.446,119.958,3Whl6kCI0L80Td1GqpWWD5,214835,4
254,0.684,0.545,-6.885,0.121,0.159,0.0,0.102,0.407,143.049,1HvTxgCj0mTzQlEo0zLvFb,135264,4
255,0.686,0.883,-4.112,0.0478,0.00405,0.496,0.0761,0.947,134.978,5iHvnjK1ShCkhikbdvS5I2,241782,4
256,0.828,0.591,-6.217,0.109,0.0199,0.000323,0.361,0.202,119.251,0lEjxUUlKqjqXrVlIHFduD,193347,4
257,0.637,0.786,-6.521,0.0388,0.0124,0.0,0.313,0.349,121.965,3XshTshjn4weNRvS4Ci7fo,193707,4
258,0.675,0.726,-6.459,0.0461,0.105,0.0,0.153,0.671,124.872,6HBRLaSQ7NB8MNlaqzYen1,186791,4
259,0.496,0.108,-19.451,0.0377,0.934,0.576,0.114,0.675,86.252,6BvRZg33RmaKkZAajlik3z,202000,4
260,0.787,0.522,-5.872,0.463,0.0668,0.0,0.108,0.666,170.439,2PljnVsnl2PRwCvfhbdQup,163765,4
261,0.309,0.0676,-20.896,0.0342,0.964,0.749,0.0593,0.145,103.766,4Phjc732ZJc6In2gHETidu,511000,4
262,0.889,0.489,-8.587,0.108,0.0209,1.78e-05,0.0814,0.843,93.039,01VzuxoBYMAJLObfU0w6dI,192011,4
263,0.207,0.0898,-19.343,0.0403,0.951,0.827,0.0669,0.0969,187.44,6QwCELMdagz2bIUl31L2GE,567000,3
264,0.462,0.273,-11.768,0.0622,0.903,3.71e-05,0.101,0.334,141.33,0e0JshRej2NwT7jahEmv52,162007,3
265,0.56,0.306,-16.114,0.0276,0.91,0.885,0.0715,0.547,96.301,6nFdjYo1hSmGPSmKiqFjN9,134000,4
266,0.812,0.855,-3.725,0.0554,0.0789,0.000167,0.108,0.573,90.04,48AJSd42lXpicsGqcgopof,192477,4
267,0.581,0.215,-20.23,0.0372,0.912,0.919,0.174,0.838,127.378,0ceAZnQanR0on8E9HLmZK2,146000,4
268,0.448,0.606,-4.565,0.0609,0.577,0.0,0.217,0.483,121.15,1zu2GKHPJIsUu80SUJX4H4,163613,4
269,0.493,0.42,-15.651,0.0427,0.929,0.901,0.0625,0.58,89.198,0NQlZbWIFXIkKIhFsMH1ZI,132000,4
270,0.883,0.283,-12.653,0.113,0.104,0.00167,0.0935,0.416,122.013,1eCFz60zd7mAXgWLapPd9B,157390,4
271,0.229,0.072,-19.892,0.0353,0.965,0.866,0.0682,0.171,82.918,0DSg1rFnpdc9RhNKCYOF3s,616000,4
272,0.43,0.569,-9.274,0.044,0.0115,0.0134,0.163,0.0668,129.992,0muK9BAzu2TJXQgWPsEj6e,165075,4
273,0.73,0.937,-2.677,0.0357,0.0234,0.0,0.11,0.97,139.973,62XAay0engehHzXfpW2nrc,197360,4
274,0.684,0.449,-9.738,0.611,0.869,0.0,0.0881,0.341,66.165,6Z165JvPnS8PYvGW8oLGLc,157373,4
275,0.554,0.358,-8.538,0.0651,0.599,0.0,0.425,0.817,82.627,3oGSeFjidISj4nGZSrNsnM,141347,3
276,0.519,0.617,-4.287,0.0313,0.0387,0.0,0.401,0.222,147.708,0oWraSo5ASJ0h1BEagTyEw,225300,3
277,0.827,0.757,-2.985,0.0564,0.283,1.56e-06,0.102,0.374,95.983,0SsArKudK0oLud8nXMRfN9,185195,4
278,0.428,0.367,-9.905,0.0914,0.132,0.0,0.149,0.174,71.184,4xKQtLZn8m2d2KJy13ZujE,379004,4
279,0.319,0.269,-10.443,0.0293,0.823,2.86e-06,0.122,0.245,82.897,0q2CEZPcNxcC0wcVHGt7Ci,189134,4
280,0.807,0.625,-6.67,0.351,0.0741,0.0,0.487,0.871,146.031,6r9xnueU24r4eoG3HXC87E,111971,4
281,0.733,0.859,-5.03,0.033,0.479,0.0645,0.105,0.52,124.948,1iwEkU7SPZtaWD7cjOPyne,147840,4
282,0.541,0.619,-8.746,0.254,0.167,0.00633,0.144,0.491,163.908,3zakx7RAwdkUQlOoQ7SJRt,214693,4
283,0.746,0.793,-5.725,0.0265,0.0519,0.0,0.421,0.656,127.973,0teThZJXIAJigFWFCHhRrU,289493,4
284,0.57,0.573,-6.935,0.476,0.156,0.0,0.256,0.517,76.006,0cp97b37sFNsdIbQH6po3T,229938,4
285,0.742,0.883,-2.862,0.118,0.0468,0.0,0.206,0.464,102.044,7tEk0lnzfowgegtKXxygH3,221176,4
286,0.524,0.233,-12.991,0.104,0.869,4.59e-06,0.369,0.585,175.805,2krESug6AyfOL07tlaGwts,198005,4
287,0.87,0.566,-5.659,0.0461,0.157,0.0,0.0735,0.724,111.999,1bpA48rYxsGsien5giUBdZ,158639,4
288,0.783,0.48,-9.182,0.251,0.258,4.73e-06,0.305,0.364,133.086,48oQGynnS8RLiYRFsJ6pDL,198004,4
289,0.641,0.836,-3.952,0.196,0.0283,4.17e-06,0.152,0.693,174.971,2hX4Y6IpShMsHn1P9ceE4D,222533,4
290,0.87,0.548,-5.253,0.077,0.0924,4.6e-05,0.0534,0.832,96.018,1O2pcBJGej0pmH2Y9XZMs6,153750,4
291,0.658,0.864,-3.858,0.0815,0.0331,0.0,0.109,0.53,126.904,2ojHsrbZaaoumDQKgdsusa,197936,4
292,0.326,0.397,-8.145,0.0461,0.619,0.0,0.0979,0.276,153.713,0iNZGC211wst3VjtobNnC5,216095,3
293,0.717,0.671,-5.077,0.0337,0.0018,2.54e-06,0.0921,0.699,110.054,43B38XWoAqlxs56j9u2B1C,160657,4
294,0.603,0.691,-5.805,0.0372,0.0248,0.0,0.583,0.577,147.148,0U1W2LZVUX7qTm7dDpqxh6,172267,4
295,0.597,0.527,-8.658,0.0412,0.127,0.0,0.14,0.535,123.946,5BeVk8Kqt0ZY9EMoWI8zfS,168387,4
296,0.677,0.557,-8.409,0.0694,0.00508,8.36e-06,0.0984,0.1,150.127,62Yo3FDddWY8ydu6PW2wyz,206385,4
297,0.797,0.605,-5.123,0.0578,0.0827,3.44e-06,0.124,0.448,110.024,1gK8KWjMpKy5P2erOyd6pO,199853,4
298,0.744,0.628,-5.435,0.0287,0.0493,0.0,0.317,0.539,119.966,6Kfoo60npYPdvNxMPMiDpX,193565,4
299,0.542,0.732,-5.956,0.0521,0.00209,7.92e-05,0.496,0.489,124.912,6mpkYUbyN9KjbP94syLrlz,175644,4
300,0.606,0.544,-7.968,0.0421,0.0285,4.88e-06,0.152,0.335,90.104,1wGpEisE7VmhhSazD8hZ5l,194009,4
301,0.637,0.574,-8.061,0.0532,0.0606,0.000583,0.0574,0.509,129.958,4Ty7xyaoyr2ZeTLRd6aGbL,251075,4
302,0.529,0.845,-8.142,0.404,0.244,0.0,0.143,0.331,85.63,5Gt9bxniM1SxN61yRzRhXL,255378,3
303,0.745,0.792,-7.225,0.0422,0.0299,0.0316,0.0788,0.595,127.991,0g6SG50ZXfUSUOfHCZwelh,261094,4
304,0.726,0.353,-10.273,0.105,0.65,0.002,0.224,0.503,137.66,2IlT65thKQQw248mhk2PjQ,169014,4
305,0.764,0.9,-5.28,0.105,0.000936,0.00801,0.0303,0.542,128.02,473AjnY37WldJKydlFew7R,269973,4
306,0.705,0.613,-7.441,0.123,0.262,6.97e-06,0.198,0.259,74.521,3wn8nOygkHLUQ9dlXM1rKW,167187,4
307,0.874,0.62,-5.153,0.066,0.00988,3.64e-05,0.0753,0.9,131.991,5YxSli4gUjYthsY0i3lHIa,269090,4
308,0.403,0.711,-4.189,0.0569,0.137,0.0,0.109,0.801,203.803,5c37mE38KCxduL41dwsdwg,170560,4
309,0.812,0.831,-4.146,0.0588,0.0164,0.00443,0.0433,0.913,128.017,3l5U0R0aReooep0zk2kM33,255000,4
310,0.593,0.41,-13.097,0.0531,0.886,0.0993,0.115,0.201,122.584,6Yj7Zhxt73uvwFFvzQXdxO,254407,4
311,0.561,0.882,-4.562,0.0632,0.000843,0.0104,0.118,0.49,131.968,6leoJ4z4b581wuzkQFN7EV,272727,4
312,0.287,0.332,-10.15,0.0433,0.678,0.00375,0.11,0.204,177.804,6MF5JoJYj5uK07Si6fRAPM,75043,4
313,0.697,0.663,-7.412,0.0367,0.000194,0.000625,0.0342,0.951,127.958,2Ihx7sR79SWqMmZBrAA3tT,299998,4
314,0.662,0.855,-3.742,0.0457,0.021,0.0,0.228,0.84,120.079,1S55d7hhptRt8PS6nC1fSY,187017,4
315,0.759,0.882,-5.435,0.0822,0.00286,0.00863,0.0393,0.71,128.004,2KlDOdn2feWDRhJ7HCsdIt,255000,4
316,0.824,0.583,-6.537,0.147,0.00253,0.0,0.266,0.154,147.496,0b7UwotRCrS7qBoLDjfvSY,235501,4
317,0.63,0.832,-7.463,0.0404,0.00591,0.14,0.0324,0.92,140.028,3J8MjvnPtOb3CcPDDc4UDj,274286,4
318,0.443,0.72,-3.743,0.0733,0.0669,0.0,0.0909,0.374,89.378,6N9U1wkWniSXD4TKD4ln0h,301304,4
319,0.814,0.786,-7.343,0.0406,0.0032,0.0474,0.0831,0.969,128.013,4zDVc78LCBzFPMHC4oxWrE,270000,4
320,0.702,0.586,-7.83,0.0313,0.0388,7.27e-05,0.156,0.608,134.951,0mL82sxCRjrs3br407IdJh,199111,4
321,0.813,0.716,-5.376,0.13,0.0386,1.23e-05,0.0798,0.91,149.956,3uT0sOI2w704G61aptw6bx,260827,4
322,0.789,0.71,-6.165,0.0681,0.128,0.0,0.112,0.188,138.033,32ny2YtiR7zKi7PBjiQ5Iy,183187,4
323,0.667,0.76,-6.092,0.0473,0.00415,0.00378,0.0632,0.858,127.968,2GZmjrWCcmUVFnbcpRoBQ3,257812,4
324,0.514,0.779,-4.365,0.344,0.181,0.0,0.099,0.517,152.869,28qA8y1sz0FTuSapsCxNOG,222497,4
325,0.793,0.652,-9.286,0.0969,0.000956,0.000636,0.0274,0.961,133.976,0gTcU8Rq7vXWnKWSIllwZa,266864,4
326,0.795,0.859,-2.994,0.0542,0.0361,0.0,0.0321,0.356,96.986,3lOMJTQTd6J34faYwASc33,168107,4
327,0.787,0.91,-6.196,0.0347,0.0101,0.27,0.0986,0.702,131.035,0SgnFx6qXIUgQ42pEm6vCG,244909,4
328,0.47,0.494,-8.672,0.0349,0.302,0.0,0.0672,0.0524,144.039,4d1CG5ei1E2vGbvmgf5KKv,250100,4
329,0.777,0.671,-7.468,0.0392,0.00304,0.311,0.0837,0.854,124.044,4H4wPbZJ1P82e9uvfeS7FW,247734,4
330,0.604,0.473,-8.866,0.0907,0.356,1.98e-06,0.163,0.349,90.97,5YbHnEYZFkOxLsp5syLMLy,162010,4
331,0.775,0.702,-7.08,0.0515,0.00056,0.223,0.097,0.941,127.993,60HtGh2bkcnInZpVjhIlz0,270000,4
332,0.793,0.764,-4.536,0.253,0.00207,0.0,0.14,0.219,139.155,5EoYSiXiv2QKCjnJct6wEA,165744,4
333,0.544,0.856,-6.84,0.0314,0.00162,0.818,0.0763,0.233,125.992,1AatidzO222c3WmKYKofRk,219048,4
334,0.708,0.449,-4.369,0.0286,0.451,0.0,0.111,0.63,84.396,6HJIZUOiZDE814XMhRGSZN,214000,1
335,0.601,0.705,-7.593,0.0282,0.000298,0.534,0.428,0.415,127.965,1kZJaFlA6zKibLOnIuKDmA,274219,4
336,0.354,0.497,-10.528,0.259,0.899,0.000283,0.176,0.295,69.278,4lfAwGFU3Zo2ZruXzRG8tw,141019,4
337,0.661,0.977,-4.896,0.0326,0.00187,0.323,0.0395,0.904,140.022,04pwXqJ3VjS5n7cZcpUMis,274286,4
338,0.784,0.737,-2.174,0.0758,0.0877,0.0,0.1,0.623,97.5,3ZGkdrigbWXLgHungXfZkt,135612,3
339,0.773,0.539,-5.684,0.0623,0.00179,0.00426,0.0568,0.719,122.99,4ulhzKxaNaF78cA9pYlToE,232193,4
340,0.795,0.845,-3.809,0.135,0.105,1.14e-05,0.172,0.769,170.023,6DoL1yYIwEW7VZMRaJhoJI,254920,4
341,0.777,0.661,-8.186,0.0538,0.00397,0.613,0.0643,0.886,128.015,74M12fRFBuCfh9YgFjrPBl,262520,4
342,0.351,0.636,-6.602,0.0375,0.515,0.00421,0.103,0.246,184.584,0ymDgXNt5qdPZmeSpAf3P0,184128,3
343,0.563,0.7,-6.314,0.0354,6.02e-05,0.0417,0.0347,0.807,127.964,611IkuKCOwyORg9MzdZXYB,270000,4
344,0.608,0.745,-4.13,0.0277,0.0226,6.47e-06,0.0942,0.464,102.025,48UKTR66uUOT9LaUvooTNx,224427,4
345,0.744,0.828,-5.911,0.0289,0.0646,1.4e-05,0.0858,0.579,124.029,1qecpOPV8iLq6W1dI5GBcZ,127766,4
346,0.83,0.644,-5.431,0.407,0.0298,0.0,0.11,0.227,155.103,02Cj2MSlERvamTj5A7Zi0P,173419,4
347,0.539,0.708,-6.189,0.0976,0.0129,0.0,0.14,0.381,123.039,4IPKCyPnd83RyvBOna7kM6,186141,4
348,0.51,0.272,-13.763,0.0557,0.303,0.0,0.0958,0.435,143.984,2c2tlXfEmLgUNvxngIi1qL,247080,4
349,0.757,0.493,-11.081,0.036,0.000661,0.00971,0.0983,0.888,131.986,4hELqNgMSBQ61MhsA4wn78,236364,4
350,0.583,0.43,-7.748,0.0353,0.801,0.0,0.0867,0.367,84.967,2OcSE0EXzgUuqkM1NIJPHJ,243158,4
351,0.842,0.658,-7.072,0.0678,0.00456,0.735,0.0673,0.562,131.007,61ap7rnc6V8MBulwjw6BUn,281253,4
352,0.773,0.742,-3.678,0.046,0.0206,0.0,0.0754,0.571,114.071,0HqZX76SFLDz2aW8aiqi7G,165265,4
353,0.729,0.706,-4.312,0.0482,0.00203,0.144,0.0704,0.673,109.977,4AhgBxVl6wePP44UBIQQnk,218181,4
354,0.776,0.431,-7.544,0.091,0.671,0.0,0.153,0.495,133.999,6BU1RZexmvJcBjgagVVt3M,283642,4
355,0.449,0.203,-20.134,0.0302,0.94,0.941,0.151,0.178,159.679,2vMZ5VAVNOE2v5dFP6ce1G,212851,4
356,0.696,0.623,-8.738,0.0438,0.466,8.61e-06,0.0983,0.965,154.028,2NWaWZZLFMcr5P4uI2KvWy,223431,3
357,0.742,0.911,-2.812,0.0572,0.0137,0.00081,0.0593,0.78,101.0,7gw7wPsxGxAlDOa8pw9fMO,195616,4
358,0.674,0.58,-4.866,0.0311,0.0609,0.0,0.159,0.0759,121.987,3i6sCTU7ENlnHpHvrHUitW,259672,4
359,0.248,0.223,-21.483,0.0371,0.923,0.892,0.0926,0.0509,159.63,1yyboTBkMZfao0P2ytqgO2,212851,4
360,0.733,0.653,-6.094,0.0391,0.0179,0.0218,0.184,0.752,119.996,1QxIFMs4M8qd5cbJJu80v4,182895,5
361,0.466,0.319,-19.767,0.0278,0.864,0.962,0.0931,0.163,159.877,0qMsZQSY7n3ov9MZNEsSDe,212851,4
362,0.642,0.787,-6.389,0.17,0.0185,0.0,0.288,0.406,146.733,5QvW5lK6mkfTegpAK9JOO7,130897,4
363,0.262,0.177,-20.606,0.0376,0.836,0.891,0.111,0.13,159.894,1Gua26Ngcd0NVfOn3LLb41,213978,4
364,0.864,0.412,-5.886,0.273,0.458,0.00087,0.124,0.654,99.992,1I4lCSP69P74nU3a6Su5L2,97209,4
365,0.653,0.655,-5.186,0.0282,0.688,0.00034,0.153,0.322,120.038,2hTnq1DpU4f8wNR4CuUkDo,256733,4
366,0.428,0.443,-8.955,0.101,0.525,1.76e-05,0.219,0.2,87.934,6TSO4hwz9WGrEUY7ABGVim,180954,4
367,0.651,0.628,-8.477,0.182,0.0281,0.0,0.104,0.391,149.835,6Bgu57VdblgnBL1mfipOeb,188918,4
368,0.444,0.669,-6.727,0.125,0.0669,0.0,0.124,0.44,183.441,21szgNA72iLwvBxHQLgwBh,177109,4
369,0.772,0.264,-18.456,0.0659,0.776,0.912,0.0985,0.259,139.995,4SQnKUsUz8pNWLuc6r6eJw,154290,4
370,0.702,0.586,-5.317,0.118,0.55,0.0,0.27,0.965,112.852,5kpxVMDvYGRmNqawPqDTYR,158093,4
371,0.559,0.298,-13.735,0.0282,0.716,0.942,0.0586,0.187,160.037,3MyVTR0UPNcxoVU8tzUwPL,165538,4
372,0.64,0.553,-6.42,0.0411,0.0579,0.0,0.0914,0.486,81.992,6GUiIbJ834FcHewby3PwV0,148471,4
373,0.587,0.627,-6.892,0.0288,0.977,0.971,0.41,0.826,122.19,0AAL7WTV00TyUNEvJ8KnDW,26958,4
374,0.326,0.866,-4.541,0.101,0.0044,7.37e-06,0.0912,0.172,178.181,0kYMwaQWABTkFff8AZjmYI,215040,4
375,0.745,0.938,-3.129,0.0524,1.67e-05,0.164,0.0518,0.461,131.978,5GUoP494K5evBGsuPovuOt,248273,4
376,0.594,0.679,-3.702,0.345,0.484,7.83e-06,0.114,0.66,106.726,1dp8aQANyTRKssDeAYPiZe,152613,5
377,0.815,0.458,-11.589,0.348,0.845,0.0,0.15,0.519,147.982,5eZJJtiRRbQRM3lwb4mgIX,117793,4
378,0.461,0.46,-7.949,0.0307,0.591,0.0,0.0847,0.31,75.141,4mgSk2zxeT03FLtSlnzxwt,219241,4
379,0.695,0.517,-7.905,0.327,0.174,0.947,0.349,0.536,130.179,23nzl9acUaj1ukKvThojnG,89478,4
380,0.504,0.736,-6.079,0.0352,0.00216,0.0,0.129,0.46,148.014,4RG7P0CXQ4pe0OeCAHjX5L,199733,4
381,0.615,0.985,-3.087,0.0786,0.0675,0.000642,0.47,0.752,145.659,5LSO7QvpObO2XN0ZANZKdl,672419,4
382,0.645,0.671,-7.208,0.0459,0.0597,8e-06,0.11,0.365,82.546,2meHtZ7N97pJfvTL4hYtfv,169661,4
383,0.702,0.58,-11.873,0.0471,0.00222,0.925,0.11,0.334,145.0,2VmjxrV3VTX3RqRI1d1OUo,114500,4
384,0.614,0.81,-5.184,0.0926,0.0101,0.0,0.0832,0.605,171.09,3SWGtKHaCFEUqfm9ydUFVw,153097,4
385,0.0955,0.238,-18.721,0.0376,0.0716,0.885,0.0868,0.0372,63.905,6lsdvTKIwk4o14seDDL6CH,261818,4
386,0.611,0.584,-6.897,0.0301,0.083,0.0,0.432,0.181,116.106,1NvpO1o8SpkdH3txtJQQc7,243486,4
387,0.812,0.259,-15.556,0.0884,0.00169,0.858,0.173,0.657,118.979,1dEAwbF4o7BRcWeESNRUeC,370390,4
388,0.34,0.684,-6.306,0.044,0.00979,0.0,0.348,0.556,112.969,7AYP21Q4qnxw2WxETEvSRb,248819,4
389,0.568,0.314,-13.996,0.0391,0.443,0.872,0.121,0.0818,180.103,2VAQWz6SSt1PiaH0ijECJz,195027,4
390,0.471,0.912,-3.032,0.0724,0.032,0.0,0.343,0.613,139.667,2gJj6WtAxXjApMs3PXsCeX,190780,4
391,0.797,0.649,-3.974,0.181,0.336,0.000151,0.513,0.736,178.981,2J17jThqao1YSd5d2saEC2,144063,4
392,0.803,0.64,-4.721,0.151,0.583,0.000331,0.437,0.816,140.073,0N0h5lXc4HOiLgGb9EZi8m,96826,4
393,0.895,0.697,-7.286,0.742,0.148,0.0,0.371,0.441,130.023,0H9qqi1F4zEf1rBihJYAq7,107193,4
394,0.744,0.608,-6.386,0.0442,0.0295,0.0,0.397,0.0692,130.045,6OrTKLtcF7EBayOV2QqkSK,221538,4
395,0.704,0.639,-5.177,0.046,0.667,3.86e-06,0.113,0.368,159.915,0eb8yrNuuFKxELCdkaos0b,114023,4
396,0.499,0.671,-6.774,0.0561,0.114,0.0169,0.148,0.0557,124.994,0oiv4E896TUTTeQU0cmIui,336924,3
397,0.687,0.031,-31.145,0.046,0.996,0.955,0.0788,0.548,80.62,4J6Soyhph3YwSwC2W1IyZ3,98802,4
398,0.698,0.687,-4.115,0.0501,0.195,0.0,0.0829,0.773,116.765,7ifMxHITc3NIipJO4R5NGb,202876,4
399,0.445,0.461,-11.803,0.0311,0.0256,0.422,0.124,0.146,83.0,6c1LHJ5N6cxHtRf5JmWmg0,161928,4
400,0.937,0.793,-4.431,0.115,0.0453,0.0,0.341,0.794,106.022,4pi1G1x8tl9VfdD9bL3maT,172540,4
401,0.866,0.829,-8.478,0.116,0.685,0.907,0.111,0.095,137.003,5UkxnMPTEhWjiFqGKW5Pwc,79494,4
402,0.56,0.234,-16.958,0.64,0.539,1.15e-05,0.119,0.613,133.687,5XxmqfsLLFQrpjygaQDeB5,81887,1
403,0.873,0.458,-14.176,0.105,0.0548,0.71,0.085,0.381,110.017,6psZjptH7wLjpkKrUuO8D3,120562,4
404,0.703,0.709,-4.169,0.0433,0.00379,5.43e-05,0.333,0.538,117.941,0Q5VnK2DYzRyfqQRJuUtvi,177187,4
405,0.75,0.293,-14.463,0.257,0.0217,0.0,0.354,0.0731,127.037,11zbEbqr9VcR1Vay8wSZLZ,91649,4
406,0.706,0.637,-7.261,0.35,0.187,0.0,0.199,0.289,76.062,5teSgJfTCFK0ngDASJb99U,181540,4
407,0.687,0.031,-31.145,0.046,0.996,0.955,0.0788,0.548,80.62,5YSruNRsIZIseVGBmKcvlD,98802,4
408,0.864,0.476,-10.068,0.436,0.0374,0.0,0.374,0.647,157.144,1vrFJDrysqmsNAgyjBzx4f,137580,4
409,0.828,0.867,-6.158,0.165,0.568,0.0,0.159,0.704,99.985,35gEdDLav54uxoTOwHCq6t,194456,4
410,0.702,0.712,-7.435,0.0584,0.522,0.0263,0.267,0.891,151.017,3ixe45hov7EBKXm8tYBmvX,298160,3
411,0.786,0.409,-10.947,0.103,0.0985,0.776,0.0938,0.16,94.997,7pwWIKxx6kcTJfaCR4ksjC,154213,4
412,0.744,0.495,-6.311,0.0634,0.0216,0.0,0.111,0.128,83.51,1hB3M3POeKMLxcEFEvPeqU,231221,4
413,0.815,0.485,-12.918,0.202,0.00871,0.0,0.0797,0.426,96.047,1YTAkFzXvaGfBcSRztegPj,152895,4
414,0.605,0.692,-7.45,0.446,0.495,0.0,0.303,0.685,124.84,3drdWsJKiVCSQ2gKhd9BDT,224466,5
415,0.682,0.467,-12.107,0.0953,0.000374,0.836,0.281,0.348,137.024,5tavNnbEGhIG9QtKKKk6uV,137500,4
416,0.557,0.706,-6.592,0.0649,0.268,0.0,0.132,0.582,105.013,2vy9Ry1TNjCD85TiCbTz0r,237933,4
417,0.858,0.957,-3.921,0.105,0.271,0.000101,0.187,0.971,129.959,35g1Gu7v5Do3BsaF371Qwg,184553,4
418,0.855,0.59,-8.55,0.0751,0.28,0.0982,0.149,0.283,110.016,3K56RPWS4q200IwHiIZcUD,137184,4
419,0.902,0.834,-3.382,0.0434,0.0543,0.0241,0.0822,0.323,132.989,03xVNiztPmpWWQTrgDzjHR,254446,4
420,0.502,0.645,-10.611,0.122,0.444,0.00964,0.107,0.518,109.739,7hRlTK3mgFTBEjX7DjqBsI,202451,4
421,0.586,0.235,-20.59,0.378,0.794,0.774,0.24,0.404,138.003,1RLj2ye9XSfxxgGfccVIHt,331371,5
422,0.584,0.821,-3.628,0.0305,0.01,0.0,0.196,0.571,146.0,6iai8D40xiwuktWrxcInt1,201733,4
423,0.645,0.501,-16.631,0.0442,0.0676,0.891,0.124,0.232,140.081,6N2UWsEpjZen0YNoy2DSGH,221936,4
424,0.612,0.58,-8.572,0.0419,0.525,0.000414,0.26,0.534,130.045,3TURvFvqGFeCo0OUAOFTUo,239560,4
425,0.616,0.948,-4.583,0.176,0.229,0.0,0.387,0.786,149.832,5Ai3N1WrNnJx3cTNINLP0D,314033,4
426,0.359,0.543,-7.582,0.0915,0.492,1.57e-05,0.118,0.453,68.505,0sMoxgWVyBIY6Cotdl2pie,221307,4
427,0.648,0.968,-3.53,0.0427,0.327,0.0301,0.412,0.881,127.593,5O1nPIPKVG4PrfumePU86i,656170,4
428,0.596,0.868,-4.95,0.161,0.12,0.518,0.0514,0.705,118.02,6riuMNiPqRmE4LPJZGzIuv,173390,4
429,0.832,0.817,-11.898,0.199,0.184,0.0,0.062,0.744,141.98,1WzYhESGQOrYBKrAj6GVmT,224094,4
430,0.636,0.876,-3.413,0.0555,0.00164,0.0,0.117,0.799,120.983,63WuQOXohQIxOxIFA2K7bR,148064,4
431,0.681,0.671,-6.505,0.148,0.00345,0.0,0.128,0.229,176.029,3Dqzp1wKSrw3r0uGq3Kw9f,256705,4
432,0.619,0.916,-2.752,0.0468,0.0483,4.88e-06,0.246,0.785,114.019,7ivOkXLuP1182ZtzA54Vbw,211987,4
433,0.489,0.889,-7.016,0.0343,0.000302,0.868,0.664,0.328,119.978,6iS4xloHDF6ek6JCIv8JT0,132000,4
434,0.446,0.144,-22.89,0.222,0.725,0.576,0.113,0.162,84.734,4jVVDplelsJ5ALtslwVIGY,166594,3
435,0.766,0.432,-13.522,0.106,0.264,0.852,0.096,0.392,129.947,3VtDWQeEAnahPezPy9Kh5d,177397,1
436,0.927,0.642,-4.466,0.0657,0.00791,3.62e-05,0.279,0.901,123.969,0TyUOnU4H4GLqOcrH0auc8,190883,4
437,0.672,0.97,-2.214,0.129,0.0432,0.0,0.282,0.783,151.016,6QY5oOHduTJ0f4dSrMYYNO,317127,4
438,0.711,0.686,-6.409,0.271,0.0355,0.0,0.124,0.536,146.971,1YWE7cMqo4iVNdPTpH4Khj,173187,4
439,0.542,0.237,-11.64,0.0723,0.756,0.0,0.105,0.397,99.611,5BInc1KwcRJeDZILFPOY6x,409026,4
440,0.555,0.832,-3.691,0.0412,0.28,0.0,0.0894,0.43,170.124,3qAJAUr7yc9bPDx4ESt6ND,209903,3
441,0.71,0.851,-5.564,0.146,0.479,6.3e-06,0.0741,0.571,136.452,1SZbxkcd55aNe8VADLtaL1,695550,4
442,0.825,0.414,-6.634,0.144,0.00265,0.0,0.357,0.106,72.993,1Y5Jvi3eLi4Chwqch9GMem,200548,4
443,0.712,0.944,-2.285,0.127,0.282,0.00259,0.331,0.729,176.549,4P5kp6oZLXD9WKDepOTkfw,658965,4
444,0.496,0.425,-20.25,0.662,0.557,0.0062,0.103,0.0456,91.802,4ySnAthMdhRetSug0JEO64,305010,4
445,0.783,0.178,-14.539,0.105,0.297,0.918,0.114,0.18,129.986,6ncNp9KDM852f2zr5ImDb9,134673,4
446,0.392,0.354,-8.872,0.145,0.775,0.0,0.144,0.453,74.467,41vOAwrIfiE35QytBrHHBm,226011,1
447,0.382,0.731,-3.855,0.0491,0.996,0.942,0.432,0.354,125.525,2Wu1C4tELeIYt8OgJEX7Ku,152184,3
448,0.517,0.668,-6.012,0.116,0.0712,0.0,0.407,0.646,79.782,4IxeKzzxUSEgivgtbSbyIK,169824,4
449,0.668,0.432,-12.116,0.035,0.836,0.61,0.105,0.324,170.027,1swow7Ttp74rNaPtZfRxe6,148588,4
450,0.891,0.62,-6.822,0.157,0.176,1.59e-06,0.103,0.535,82.035,0vp1sk3FzuDBeLMLcRhQdL,143415,4
451,0.619,0.714,-3.772,0.387,0.0175,0.0,0.255,0.351,134.022,01tEbE08Hjx96hAfIg8TCQ,155280,5
452,0.762,0.649,-5.624,0.0527,0.58,1.7e-05,0.0971,0.501,145.09,293mQGfVwgXIOdA1GpiwAt,239146,4
453,0.616,0.349,-11.729,0.0269,0.803,0.786,0.115,0.198,110.993,2ttitnVnTlfh3xYDuFUK8Z,192014,4
454,0.783,0.75,-5.762,0.078,0.426,0.0,0.241,0.88,97.953,6Jrdb6CFOJEGaHjaa6c4WR,140665,4
455,0.306,0.95,-5.897,0.0382,0.00068,0.0998,0.244,0.747,88.491,0qGEBxN2Lymfwtxw2nUwGK,89733,4
456,0.613,0.377,-8.562,0.0324,0.44,9.5e-05,0.113,0.276,141.983,2RhMiIkZA43AIBCPjBGLPJ,216063,4
457,0.713,0.712,-14.129,0.054,0.679,0.884,0.909,0.861,133.044,648OP442D4VLDyrvaXYuNp,218360,4
458,0.476,0.189,-13.777,0.0329,0.904,4.52e-06,0.254,0.324,115.851,4axSuOg3BqsowKjRpj59RU,264439,4
459,0.726,0.334,-10.562,0.0432,0.672,0.0,0.0773,0.15,124.068,3VjFMQklkiDeuAsO9xZBU7,60292,4
460,0.735,0.795,-6.523,0.113,0.0296,3.18e-05,0.0678,0.905,122.0,1nH2PkJL1XoUq8oE6tBZoU,188918,4
461,0.668,0.681,-7.956,0.332,0.187,0.0,0.376,0.592,139.983,3Eleyo3GvnnKQ8n754lcKY,199808,4
462,0.971,0.851,-5.586,0.269,0.0344,0.0,0.092,0.81,120.008,4ue41gFbAjoU0P1EberJWm,143325,4
463,0.622,0.968,-3.825,0.0867,0.0944,2.04e-05,0.217,0.447,127.886,1pAOTKQFUQIjBR60feKtjA,665078,4
464,0.659,0.745,-3.599,0.0347,0.0417,0.0,0.296,0.54,74.967,7qTaDOcld0VmBWXnkbUj45,185600,4
465,0.767,0.721,-6.796,0.128,0.00354,0.411,0.112,0.155,128.001,1upK67kXLAIhZkoDyjDlz1,196911,4
466,0.582,0.797,-4.926,0.0334,0.23,0.0,0.132,0.595,135.973,3HO30hRbkOLU6ZWERayfQO,196027,4
467,0.367,0.0811,-24.093,0.0513,0.435,0.902,0.0983,0.302,79.59,2kscVFXigP695dCNBOtaOw,94581,3
468,0.659,0.502,-6.538,0.0375,0.363,5.14e-06,0.432,0.512,101.913,7DrzZN5jaDyE0a0tVuVWnj,179133,4
469,0.73,0.885,-6.413,0.049,0.312,2.27e-05,0.055,0.705,119.84,5QD5ENdP1kBrUBuxc3WWwV,124042,4
470,0.601,0.836,-3.42,0.0342,0.0974,0.0,0.106,0.338,127.934,79gv58G6usuURwl6TlmBTu,254747,4
471,0.709,0.424,-12.597,0.0354,0.134,0.00264,0.366,0.805,120.49,5N935HoQtt7n1xm2tKQgC7,225500,4
472,0.682,0.764,-5.411,0.0477,0.0363,0.0,0.103,0.701,97.023,1nltpRhEiXikwDlVn4UADk,192721,4
473,0.412,0.992,-0.726,0.338,0.0355,0.0,0.239,0.663,72.448,7p5vKzhof416ceE2K4CqKA,210260,4
474,0.665,0.678,-4.122,0.0315,0.00156,0.0,0.474,0.682,131.986,50eJOxJiGmJ7PBZaTKpje1,122570,4
475,0.466,0.796,-6.13,0.0993,0.0217,0.0,0.325,0.577,130.018,47cPZl4HLdo4mwH9kSb8m5,232846,4
476,0.87,0.835,-5.875,0.311,0.0353,0.0,0.142,0.901,140.051,0RkCnqwF8Tfl2QGPZwopyk,118249,4
477,0.7,0.994,-3.862,0.0798,0.31,1.38e-06,0.32,0.424,130.053,3IerlCd1GzTJeP33x6IvsL,678845,4
478,0.905,0.631,-10.06,0.177,0.129,0.0,0.101,0.751,105.026,4bV5sf2B4hWBBd5HQ8S7KB,160947,4
479,0.803,0.892,-10.94,0.0772,0.0507,0.503,0.102,0.904,119.973,40t4mSM4jSM2kINGypyjvn,192057,4
480,0.551,0.436,-8.029,0.0428,0.395,0.0,0.0719,0.862,188.651,74WROFXsox6wkeUrEK2DS6,170745,3
481,0.586,0.235,-20.59,0.378,0.794,0.774,0.24,0.404,138.003,6OeG5JyCIBhHfPPx2l2J1K,331371,5
482,0.788,0.603,-6.959,0.1,0.00439,0.000232,0.144,0.216,142.943,0Pq8CSHDXInMK8atOkWSAv,181440,4
483,0.546,0.522,-13.405,0.0326,0.000102,0.903,0.365,0.675,142.019,3mrTlnY73J5tUl5QvBjvxX,166500,4
484,0.747,0.739,-6.008,0.0487,0.0106,2.22e-05,0.101,0.523,120.996,6Hs44CzlhYZXiRgIrK2ZRW,220196,4
485,0.575,0.898,-4.746,0.122,0.186,0.0,0.155,0.916,107.075,1aYprhB3o0SsMcH4HzXqvW,284454,3
486,0.743,0.733,-3.029,0.0597,0.026,0.0,0.353,0.375,121.134,3MTm8eZ2wCEtpyZqqhP6Dn,172822,4
487,0.686,0.817,-6.208,0.0557,0.337,0.0,0.0795,0.805,114.936,0BHTFitWhNp1vABJOrMRHM,205043,4
488,0.335,0.305,-12.661,0.0741,0.434,0.631,0.101,0.215,79.001,4OmfWzukSVD140NiAIEjem,156507,5
489,0.542,0.954,-2.261,0.036,0.0218,0.401,0.626,0.27,129.963,4H6Pmpm3ixCFRNifTDCMrl,203116,4
490,0.664,0.5,-6.935,0.0651,0.799,0.0,0.0966,0.801,117.896,0GNVXNz7Jkicfk2mp5OyG5,182347,4
491,0.571,0.408,-9.633,0.0365,0.727,0.00222,0.237,0.643,136.283,7MmmLeBY8t6TEJALBHGiaX,232864,4
492,0.323,0.737,-4.008,0.0335,0.14,0.000162,0.163,0.156,112.923,1ji7BL3gzsrq22AFqXmj9j,241067,4
493,0.622,0.887,-6.461,0.0498,0.277,3.93e-05,0.0428,0.706,119.796,6hp2AN7ONMZ87U2LHQDvQU,126067,4
494,0.323,0.737,-4.008,0.0335,0.14,0.000162,0.163,0.156,112.923,23oaS2xf8HZEzlNPH6WkV3,241067,4
495,0.645,0.862,-4.048,0.0405,0.313,1.57e-05,0.0953,0.87,80.971,3bJzNkmMVfeAR6d8fYZscM,310391,4
496,0.581,0.725,-4.958,0.164,0.362,0.000311,0.57,0.658,113.248,6detE2x59NN55a5ZgUgF6w,197961,5
497,0.59,0.752,-7.922,0.0372,0.166,3.2e-05,0.178,0.482,109.94,6P6rbUuohixVnsIOmJoFhb,161455,4
498,0.468,0.608,-4.938,0.0363,0.191,0.0,0.304,0.146,134.096,6aQXKkAb8stLYNnY7X55bX,228373,3
499,0.874,0.765,-6.514,0.28,0.566,0.0,0.0651,0.65,95.955,3gPhlfzWkPAEALgG9mjSiN,153000,4
500,0.629,0.763,-4.279,0.0453,0.244,0.0,0.312,0.809,93.023,4Iy5HWLuz0yH0YoKGHlD86,214191,4
501,0.7,0.314,-15.73,0.314,0.553,1.33e-05,0.0995,0.821,179.906,13xOeEkOV2m7RB4WRnwD9X,118129,4
502,0.676,0.588,-7.025,0.275,0.137,8.47e-06,0.137,0.484,186.012,3S1dts4h4ubeyYbemzkiot,230461,4
503,0.702,0.865,-4.572,0.128,0.183,6.49e-06,0.333,0.545,104.837,2vHxqsn7wx28aEuaKz8MgS,177107,4
504,0.323,0.737,-4.008,0.0335,0.14,0.000162,0.163,0.156,112.923,5b39eSKSX8tQvzvK5VAr2A,241067,4
505,0.616,0.254,-12.248,0.765,0.0631,0.00233,0.114,0.581,173.076,5ecFuz0JicEE8uZgb8LZXp,156061,5
506,0.468,0.608,-4.938,0.0363,0.191,0.0,0.304,0.146,134.096,2V0IGoEnQxuDWVXN9f3wo4,228373,3
507,0.684,0.996,0.03,0.0819,0.26,0.0,0.763,0.772,130.049,1KgrAZwlNOAvVlbvAdfpmJ,208614,4
508,0.638,0.474,-12.7,0.124,0.351,0.191,0.105,0.441,179.771,0heI7zTuyLZVjlwYsxrGSh,111640,4
509,0.692,0.999,-4.581,0.086,0.0675,3.56e-05,0.286,0.666,135.056,0uTuKFAYFJNBZHw4Xfeesq,606799,4
510,0.685,0.816,-5.496,0.0308,0.0216,2.05e-05,0.439,0.619,118.065,1shX127iTAHhel1Y2W375o,215627,4
511,0.449,0.633,-5.045,0.394,0.58,0.0,0.112,0.17,86.997,5kDOpWgJbETHwAe0V4cEAm,302310,1
512,0.468,0.608,-4.938,0.0363,0.191,0.0,0.304,0.146,134.096,4qxnrhzvKudNPVUKlp6fg7,228373,3
513,0.788,0.755,-10.664,0.0931,0.00617,0.053,0.296,0.966,150.01,1ES3J2FMTC0l16BKqcyYMb,153652,4
514,0.629,0.763,-4.279,0.0453,0.244,0.0,0.312,0.809,93.023,5A8awAurFPlGGXhJg1zahL,214191,4
515,0.548,0.655,-8.099,0.419,0.234,0.0,0.125,0.55,70.569,2FQSKN5CL2Lbr4Ug1Ek6tD,191463,4
516,0.587,0.632,-5.416,0.0311,0.148,1.01e-05,0.158,0.392,139.974,5ZCjp56T8J6d7amJyFSzrI,199040,4
517,0.721,0.496,-8.743,0.036,0.479,0.936,0.0705,0.549,120.014,5dt5N8io9CXsIXHsgfdBE9,280000,4
518,0.314,0.439,-5.726,0.0311,0.671,0.0,0.181,0.364,180.119,67dU06KGaJHLLlo5Y5bkD2,248178,4
519,0.541,0.338,-15.645,0.139,0.692,0.000477,0.201,0.493,136.833,6r95i99qFSOQId4rsnUg1H,102853,3
520,0.716,0.748,-6.06,0.0356,0.235,0.849,0.114,0.338,119.918,01kfSdF9zfcDLri5sSWEoL,169245,4
521,0.79,0.49,-12.895,0.403,0.168,0.0,0.126,0.464,130.077,78cig3zwD5hDxcJKcF6a9G,129335,3
522,0.686,0.494,-7.093,0.0355,0.613,5.8e-05,0.402,0.7,168.946,4k6Uh1HXdhtusDW5y8Gbvy,232067,4
523,0.787,0.947,-2.679,0.194,0.322,0.0,0.343,0.792,100.262,4PGzxyOFPg2pwJFJrWpGpq,378661,4
524,0.537,0.598,-8.858,0.232,0.211,0.00576,0.144,0.468,163.943,7dJKtfSjZ4JEtldjeL0acg,214693,4
525,0.564,0.982,-2.849,0.124,0.538,6.54e-06,0.437,0.84,139.952,2lhjXoV4GWPIP0JrjbxDrB,198075,4
526,0.552,0.411,-7.946,0.0434,0.794,3.5e-06,0.248,0.501,78.095,0qoSVsQJOTINFkkux2lbJj,181239,4
527,0.801,0.458,-13.849,0.0788,0.243,0.922,0.0906,0.783,100.0,3Yhg7lDsj9wKQIpizVSGa7,176000,4
528,0.514,0.65,-8.867,0.499,0.138,0.0,0.103,0.236,127.428,19n0UZuW8AArMVWNztoXu9,179149,5
529,0.617,0.477,-8.433,0.0314,0.466,0.641,0.117,0.571,124.29,6O0xaPL0VwkX7nDvl32SdC,189133,4
530,0.53,0.835,-3.69,0.11,0.0453,0.0,0.0637,0.471,166.02,0sb8ClU3CLoNblxkpmOKzA,190319,4
531,0.65,0.81,-6.734,0.0632,0.276,1.4e-06,0.156,0.913,119.984,6Q6w3BogwYxmuihd6Bn90Y,157198,4
532,0.81,0.655,-6.779,0.0698,0.127,8.16e-05,0.105,0.809,150.002,2KdKh9vHbKW0tZLqtpxxI0,193322,4
533,0.697,0.939,-2.471,0.0772,0.243,5.2e-05,0.325,0.781,90.251,1JYPdId8v9Nm8h9LRnTUvM,610064,4
534,0.441,0.37,-9.852,0.081,0.133,1.08e-06,0.152,0.166,77.086,06gHGDKY2GUvCWQofdB5nR,379004,4
535,0.599,0.811,-4.329,0.0624,0.41,3.36e-06,0.217,0.88,96.39,3DtnExfxTbQp0J6hJx0DzV,253492,4
536,0.663,0.502,-7.07,0.0285,0.791,0.0,0.105,0.371,143.969,4q9NEq8kUmSZwtNsxL2KJN,183087,4
537,0.708,0.476,-7.824,0.195,0.362,0.69,0.342,0.605,130.147,0MfvLaXmlCdPHljRohkV4V,89493,4
538,0.612,0.675,-6.518,0.0231,0.0994,0.0,0.217,0.763,97.04,0DmkBOGgEWMbUJlL6VwwF2,201547,4
539,0.302,0.693,-6.145,0.0962,0.124,0.467,0.0983,0.329,126.868,15yn1S2AqWRX8IXdMqECgh,216973,1
540,0.408,0.47,-10.149,0.0893,0.666,5.44e-05,0.0926,0.0953,51.66,4lUsBLTAiufWocWtg4H0my,234613,4
541,0.679,0.977,-0.94,0.237,0.101,0.596,0.375,0.686,174.963,2rDD4pdsGlpKEz98rFU9Uf,137113,4
542,0.528,0.228,-13.029,0.14,0.864,1.69e-05,0.37,0.604,175.916,0LLwEMjBYNESOTW04NinQN,198005,4
543,0.844,0.781,-7.886,0.9,0.463,0.0419,0.0919,0.445,130.111,1rMinnZCaO1e4elEl9V6Ua,64177,4
544,0.796,0.56,-6.135,0.238,0.127,1.36e-06,0.292,0.698,149.884,3f9lNXFSpE93mkVcQmm4x3,141043,4
545,0.322,0.932,-2.502,0.049,0.00448,0.656,0.122,0.315,130.079,6x8uGk6rrz4ELEyos1Y6by,261265,4
546,0.695,0.69,-5.805,0.0233,0.0328,0.697,0.113,0.741,92.977,0mRbKcvmbbUtfFyfeFHCJa,293427,4
547,0.733,0.885,-7.329,0.0548,0.0167,0.0196,0.126,0.711,132.034,2H7p2ywhY1p4esonvQ1yFY,183458,4
548,0.766,0.485,-8.343,0.237,0.111,0.0,0.436,0.289,140.055,1fz22sUZlpL9jZOWz02wws,134908,4
549,0.675,0.448,-17.21,0.118,0.00138,0.877,0.0957,0.566,179.986,4QqTRs6DNWttil2dBRtvd5,117400,4
550,0.547,0.483,-10.716,0.0933,0.892,0.000487,0.182,0.375,66.714,1ohiLbl4LitKj1A2vhc9Dw,141019,4
551,0.686,0.516,-7.834,0.318,0.00862,4.03e-05,0.138,0.569,199.924,1iK1tDGMWFk8i8bhGMlKaW,181133,4
552,0.193,0.0218,-31.16,0.0389,0.955,0.88,0.117,0.213,125.501,1kNdtonJXHorsVpWerK8C2,36935,3
553,0.752,0.902,-3.885,0.0492,0.311,0.000841,0.365,0.831,105.009,3Ykwfbeeo1jo5r5H7vToDV,234266,4
554,0.516,0.248,-11.942,0.0519,0.888,0.000145,0.102,0.348,131.442,31CyRsjrpPmxRF9bfRfI4F,162007,3
555,0.637,0.59,-7.256,0.0563,0.497,0.423,0.174,0.269,130.25,2tmOvHkizQ3ASAL6lKw149,93313,4
556,0.601,0.92,-4.802,0.0505,0.000735,0.0,0.0998,0.537,88.014,25wdC7CJmCJPgnKw9rYquJ,170134,4
557,0.743,0.415,-11.839,0.3,0.0818,0.92,0.254,0.891,142.0,7hIDRm6MT8KeFs6SWD4Liu,171500,4
558,0.659,0.712,-4.021,0.0576,0.0783,0.0,0.0915,0.407,90.118,3LqvPkk4AAnStbxJyKqt9Z,301304,4
559,0.702,0.817,-15.637,0.0473,0.184,0.748,0.204,0.716,129.949,5fRczBglx7gY4SJgz50ytt,60005,4
560,0.791,0.468,-9.153,0.243,0.296,1.54e-05,0.298,0.398,133.082,5UOh9dtYzosayTk9eHVoKw,198004,4
561,0.807,0.897,-9.523,0.0991,0.042,0.0,0.0736,0.965,130.003,6OZHi41kYoBrr84JXBRNNz,208852,4
562,0.633,0.511,-5.665,0.0368,0.434,0.0,0.248,0.29,116.855,4JzCFEc3O2UEdjKzevvFH5,264481,3
563,0.714,0.957,-5.161,0.304,0.0794,0.000617,0.306,0.45,124.922,4Rf4XaJpdWRhajzzU9dmhB,229111,4
564,0.553,0.659,-7.295,0.0391,0.0027,0.0,0.105,0.105,120.146,0VO8gYVDSwM1Qdd2GsMoYK,234000,4
565,0.633,0.635,-7.283,0.0557,0.519,0.354,0.0692,0.339,130.204,21jmiNJScus1LcgRDMot3W,93259,4
566,0.775,0.688,-10.912,0.0593,0.0176,0.0917,0.108,0.284,120.017,1XsRwo2it6QHdV2OiT6IzF,336005,4
567,0.637,0.481,-11.094,0.0734,0.0728,0.0,0.0903,0.249,100.082,7kg7SmWjlESF8Yn1Vj3vLu,129875,4
568,0.905,0.487,-8.749,0.119,0.0191,0.000155,0.0842,0.813,93.023,06HwITF9GftCRHmX49BQy7,192011,4
569,0.703,0.953,-2.563,0.103,0.241,0.0,0.443,0.707,140.093,2WDoQvIzHcUV0Tw8a0baGn,660059,4
570,0.756,0.23,-13.059,0.108,0.664,0.0223,0.209,0.473,137.762,4DYtTTKXj72rVytUp8wgQx,169014,4
571,0.608,0.988,1.526,0.0745,0.253,0.0,0.238,0.909,132.107,2MRjB98tAtAfuZ9Wx5LqxT,267308,4
572,0.826,0.603,-7.659,0.0737,0.0474,0.0,0.0831,0.681,107.494,4ELynSlkV4OHcBCFenFJ7U,160290,4
573,0.552,0.754,-18.811,0.12,0.199,0.0,0.396,0.0342,81.623,0WKyKco1At6h4qPOetlnpt,196885,4
574,0.567,0.824,-6.973,0.296,0.167,2.65e-06,0.149,0.737,138.202,1REVvAphiSTJyKQ1fDpHa4,329295,4
575,0.52,0.94,-2.396,0.0992,0.355,3.18e-06,0.668,0.375,144.941,3VkSat0rMSf9T7fdpviQ0j,255025,4
576,0.763,0.782,-4.541,0.0346,0.182,7.08e-06,0.293,0.502,127.034,3sa06xVNmLLYIxdNNmVQN8,177689,4
577,0.543,0.996,-1.893,0.184,0.45,0.0,0.549,0.731,75.372,3vSmfuyc7pkJeWvI3tR0NU,214753,4
578,0.688,0.842,-4.211,0.264,0.0499,0.0,0.241,0.416,159.897,0P2P1AxcRYhiZvoF5MyRmM,185856,4
579,0.888,0.501,-9.722,0.152,0.0485,0.957,0.0712,0.702,89.016,301PQgvvk0iEJSWo0wgHeG,258413,4
580,0.707,0.478,-4.602,0.0671,0.581,0.0,0.112,0.571,109.986,33aLws184a7SVqraKuDqI3,157636,4
581,0.742,0.775,-9.374,0.0864,0.128,0.000505,0.95,0.594,152.033,25TMeThxihPdNBq8sDPwwM,187693,4
582,0.501,0.263,-13.784,0.0504,0.289,0.0,0.0968,0.444,143.989,0QhXOyqE6azualep49YUIU,247080,4
583,0.614,0.798,-20.043,0.269,0.299,0.0,0.909,0.0347,65.682,7KPyBhuICnEBUDBo2Wqj6y,379298,3
584,0.592,0.485,-8.762,0.101,0.372,0.0,0.165,0.269,91.15,13dkymzNGVP2gOxQGR9kJW,162010,4
585,0.128,0.204,-21.786,0.032,0.846,0.936,0.106,0.0344,82.87,2My8R4LiV526T7m8DKGYvr,392858,3
586,0.354,0.475,-9.333,0.0425,0.149,0.034,0.21,0.0393,114.975,1X8E4vVoOM3BpSQlEDSjjM,217222,4
587,0.238,0.333,-22.701,0.0334,0.989,0.937,0.115,0.171,79.966,0r5Ccz2QCeNqOji9tQSEzi,201000,3
588,0.642,0.768,-3.674,0.0248,0.208,0.0,0.225,0.546,97.485,7KDYKPhxFFRDBSbgcfLxUT,227815,3
589,0.719,0.914,-5.047,0.0515,0.00198,0.292,0.355,0.688,149.981,4Vls2d3fcFF2ObqgE7ivHR,509632,4
590,0.375,0.326,-10.113,0.0415,0.68,0.00113,0.11,0.196,127.188,0LjnA0aB2oA3BY73lftVtA,75043,5
591,0.758,0.557,-8.469,0.0874,0.788,0.11,0.111,0.508,94.971,70aY52otnnwiONSJbjCHnC,237474,4
592,0.83,0.739,-5.395,0.0627,0.136,2.11e-06,0.162,0.631,97.993,4srcMdbm2qzVG98tJajHxp,240413,4
593,0.522,0.976,-1.414,0.332,0.413,3.27e-05,0.402,0.623,71.727,5PDmZ0uXIDKuYPKBivevn8,221248,4
594,0.73,0.785,-7.986,0.243,0.105,0.0,0.0445,0.596,82.037,7My9ca9QEIR8MvIOdIrTWA,215120,4
595,0.471,0.186,-25.828,0.373,0.889,0.634,0.114,0.0405,74.431,2OghxwtARSHzYkgJo3XV0R,275643,3
596,0.718,0.319,-11.261,0.0435,0.965,0.00036,0.0895,0.639,109.994,3N3d4OWbPVxTQVBFqNyykk,250865,4
597,0.624,0.827,-21.722,0.248,0.397,0.0,0.765,0.0304,104.739,35Up0ju86uEHcUEIsGlSlu,299755,3
598,0.594,0.382,-5.432,0.0292,0.416,0.0,0.117,0.223,110.237,7lNmcW2wW6ciV9Rhh8YOMe,254258,4
599,0.522,0.976,-1.414,0.332,0.413,3.27e-05,0.402,0.623,71.727,5PDmZ0uXIDKuYPKBivevn8,221248,4
600,0.978,0.683,-5.743,0.0981,0.0634,5.88e-05,0.523,0.419,118.041,02nTpchENdZ4Nm8AfTmrFv,146441,4
601,0.471,0.186,-25.828,0.373,0.889,0.634,0.114,0.0405,74.431,2OghxwtARSHzYkgJo3XV0R,275643,3
602,0.748,0.841,-5.08,0.177,0.00445,1.33e-06,0.0413,0.717,123.045,3Z7CaxQkqbIs1rewKi6v4W,129817,4
603,0.439,0.556,-25.168,0.22,0.283,0.0,0.449,0.03,63.495,5VZHEskhvomnI6nmgKCH5u,199210,3
604,0.672,0.58,-5.66,0.234,0.0934,0.0,0.103,0.116,111.55,5gcsJvWzuPMeJBQYdiO0RS,177731,3
605,0.623,1.0,-1.236,0.149,0.0311,0.0,0.576,0.39,150.007,6jtVrBVODzwGGUKQjmxDmt,184181,4
606,0.794,0.677,-9.969,0.0713,0.446,0.0313,0.076,0.611,101.467,7Jph6HJbfURt4Fea19IED3,170496,3
607,0.484,0.75,-6.949,0.0448,0.821,0.755,0.364,0.0667,119.952,5Lrm1v3bOhA46DILcDEiZO,118061,4
608,0.453,0.673,-5.649,0.144,0.32,0.0,0.131,0.266,92.06,1UdzJEpgJxtuXAlCOvD4S0,159849,4
609,0.579,0.736,-18.423,0.39,0.262,0.0,0.377,0.0327,85.926,3Vzwbuj8cysAJFQVjno6KI,226351,3
610,0.436,0.255,-8.623,0.0364,0.955,3.28e-05,0.106,0.15,113.265,7dDrR6vMK1JAwZZ5MIWgme,205280,4
611,0.797,0.852,-12.773,0.0533,0.00107,0.624,0.066,0.734,127.984,1xDf3KcfmjXFrXKYH66EB4,141392,4
612,0.824,0.577,-9.443,0.357,0.0109,0.0,0.107,0.442,154.081,0VlpgNPHWCyh8xxLcaK2fp,159927,4
613,0.576,0.763,-21.663,0.143,0.257,0.0,0.69,0.032,100.715,4Ivq2AF4Re1IbHV68bCEJU,186567,3
614,0.909,0.824,-4.627,0.0797,0.0777,0.00387,0.0638,0.585,109.97,6wtZPYBIXUvCpXwVjMCJBf,322347,4
615,0.814,0.0637,-21.72,0.0728,0.955,0.96,0.104,0.274,169.988,7AddPNOoeRHFI7ScgYEB8x,140085,4
616,0.505,0.249,-14.879,0.139,0.115,0.0,0.155,0.207,115.815,7newfXclX39UwWTw2gDswM,182069,4
617,0.579,0.965,-4.062,0.119,0.00355,0.0,0.348,0.586,141.926,4QlehRlxjcp1064QEZArSj,264359,4
618,0.81,0.733,-6.338,0.0444,0.276,6.73e-06,0.288,0.9,125.975,5lfWrciYtohtIMVDVZd0Rf,229283,4
619,0.596,0.473,-11.386,0.0972,0.0653,2.54e-05,0.711,0.812,167.428,6flTcxWehzTU487nA8zXbq,199105,4
620,0.732,0.734,-7.968,0.0974,0.136,0.000901,0.165,0.488,145.722,6f44p3Kc4ayD9VtbC9Clkr,199500,4
621,0.332,0.43,-8.488,0.0355,0.678,2.23e-06,0.111,0.217,73.866,6P4qYVTDwxQurzkILLQXy8,275607,4
622,0.779,0.372,-6.252,0.0284,0.195,0.000324,0.702,0.327,129.968,4CzLJ2wsrk1QdhXXuT16gx,184973,4
623,0.593,0.933,-20.184,0.0461,0.21,0.64,0.108,0.52,147.995,4ra6tiA4wUslgcjZUHh8R6,811102,4
624,0.795,0.565,-4.457,0.0948,0.131,0.0,0.0802,0.55,87.925,2PDgArI0p7UkeYgXWuqpmh,172342,4
625,0.502,0.74,-5.655,0.435,0.636,0.0,0.505,0.413,138.803,5eTqvYyW1T1zdh15dei1lp,26000,3
626,0.898,0.58,-7.632,0.26,0.0101,0.0,0.169,0.661,84.018,4heBcjj4Lw3X2sQVFNbLbz,204286,4
627,0.577,0.71,-19.968,0.529,0.323,0.0,0.411,0.0296,104.987,5HO7yRPydhLkJ1eDyAwtHY,213812,5
628,0.412,0.881,-3.502,0.087,0.00039,5.82e-05,0.923,0.359,165.012,3tBZ60j1jQ7NJm8IjelyQe,159096,4
629,0.471,0.186,-25.828,0.373,0.889,0.634,0.114,0.0405,74.431,0nj9r7VCFsk578HnDXu1lP,275643,3
630,0.699,0.75,-6.481,0.0542,0.543,0.0137,0.333,0.887,151.035,6uVZddXkgQIArp8myEHs4x,295413,3
631,0.584,0.689,-7.541,0.0435,0.537,3.39e-06,0.322,0.236,84.027,2vE9Ak9idpy2CBEifUxjDB,142546,4
632,0.847,0.69,-7.877,0.0493,0.0127,6e-05,0.0526,0.692,125.004,4zN21mbAuaD0WqtmaTZZeP,186662,4
633,0.806,0.897,-9.524,0.0984,0.0416,0.0,0.0736,0.965,130.009,7Ataiuapd2xueLvT4340UY,208852,4
634,0.756,0.697,-6.377,0.0401,0.182,0.0,0.333,0.956,94.996,2DB4DdfCFMw1iaR6JaR03a,206071,4
635,0.72,0.991,-3.903,0.0578,0.164,2.38e-05,0.113,0.935,123.23,1cgKxgJNK87djV3pc0FnfH,1014991,4
636,0.721,0.769,-4.111,0.105,0.0922,0.0,0.0817,0.915,155.932,2rmwqU7yzTvzkiaRV53DpT,187108,4
637,0.491,0.981,-5.894,0.0537,0.000278,0.797,0.0425,0.161,138.009,3Vfg2j3uO0yp9fSJdEyJZk,4585105,4
638,0.706,0.91,-3.527,0.146,0.175,2e-06,0.11,0.667,126.007,5Sk39LuvdwuvL84jD01Dum,107045,4
639,0.199,0.127,-22.16,0.0406,0.973,0.74,0.101,0.154,173.337,6UzGCNKjgFjKI20ZY3wd0Z,243715,4
640,0.544,0.196,-18.55,0.541,0.478,3.36e-05,0.12,0.6,136.101,5CzKkZL94UTH5URjomI0nF,81887,1
641,0.385,0.866,-13.96,0.132,0.00238,3.43e-05,0.0942,0.0358,100.099,42qHps7apeIKpDiOsKXlJ7,115200,4
642,0.581,0.8,-2.613,0.411,0.154,0.0,0.0697,0.709,119.872,63irPUP3xB74fHdw1Aw9zR,182758,5
643,0.679,0.947,-2.564,0.0853,0.412,5.68e-06,0.381,0.811,124.97,2iQQKRWEtf0TyiwMnw4FpB,188175,4
644,0.705,0.407,-7.964,0.037,0.622,2.65e-06,0.0867,0.322,109.003,1emUJfYrNiu2TuUsz8WiQf,202693,4
645,0.675,0.373,-11.947,0.0351,0.831,0.821,0.178,0.638,120.01,2tmw5cWWtYAdT0DqikG7Yo,170551,4
646,0.594,0.484,-7.093,0.0299,0.286,0.0,0.0878,0.281,168.006,106WZMD4t61E3WIBPtXTDK,202178,4
647,0.713,0.914,-3.243,0.101,0.193,1.19e-06,0.289,0.732,150.029,7sDBldNRoaBj7OVAfUevRM,180285,4
648,0.557,0.725,-5.79,0.0388,0.215,9.21e-06,0.217,0.54,143.34,50Emgupm363qIrYBe20FR3,220885,4
649,0.597,0.396,-11.697,0.0261,0.469,0.932,0.111,0.184,75.02,2qmSJWU2jhYwTbY5hMe2Oa,275607,4
650,0.601,0.787,-6.178,0.031,0.0492,0.0,0.142,0.525,134.981,0Dtv5iaqPWtftabQfjBvxh,175163,4
651,0.695,0.288,-12.396,0.91,0.428,0.0,0.0669,0.349,84.055,7MdgJCwpr7x6VFecZHSe5I,3459032,4
652,0.479,0.742,-5.587,0.0539,0.0069,0.000834,0.278,0.454,142.909,2FGOg7uYBfnspkPOISXTFY,181400,3
653,0.306,0.808,-2.76,0.0358,0.434,0.221,0.157,0.249,92.819,0jGb3YDu7LtmWsgQMwtD7p,270635,4
654,0.836,0.703,-3.554,0.0657,0.0845,0.0,0.138,0.902,94.048,7FlQk2gJ6TBrHHiidvdR2O,226093,4
655,0.808,0.927,-4.597,0.0523,0.000988,0.843,0.0458,0.648,119.993,3knFojMoQnWG5yXSKkX3Wz,319112,4
656,0.707,0.483,-7.365,0.059,0.106,3.54e-06,0.0356,0.386,87.999,3RhyHYnYxuGnP8njFlNxHq,152787,4
657,0.631,0.801,-5.598,0.0336,0.306,0.133,0.389,0.793,117.959,4i2y5JSiQfaUhnwZRY77L3,197323,4
658,0.842,0.505,-8.627,0.402,0.472,0.000322,0.117,0.538,119.993,1PNs0uGru3TcrA94kpyGnc,207065,4
659,0.145,0.0109,-39.424,0.0424,0.812,0.953,0.0775,0.0337,90.736,4RofFPQbFuawIbsL6ne8BT,3585013,5
660,0.718,0.607,-7.307,0.185,0.00227,1.32e-06,0.299,0.499,144.93,5tLdDm1cVYAH2kk7TyjmdW,226362,4
661,0.534,0.882,-8.415,0.103,0.0371,0.174,0.0759,0.258,101.022,7DDrtakSas36h5qFSUHXlY,246330,4
662,0.875,0.831,-5.991,0.0772,0.278,1.69e-05,0.0877,0.742,91.99,5ycvEFxPeQqqkdOUgWhrJl,170322,4
663,0.429,0.526,-7.83,0.0611,0.808,7.68e-06,0.0857,0.433,200.067,6M10oSeDrAJfAwYaJsecQN,163872,4
664,0.742,0.617,-6.689,0.0345,0.05,5.92e-05,0.0711,0.491,147.002,1T4tQ4SSagbhAKpvcWg035,124188,4
665,0.684,0.719,-9.307,0.0329,0.073,3.19e-06,0.244,0.47,126.052,6N2YmwsUBZ8H1uRqW4hvpv,324769,4
666,0.693,0.643,-5.867,0.0828,0.138,0.0,0.108,0.477,95.055,2UN0lp72LAusrXi8LLVomt,163450,4
667,0.324,0.456,-9.667,0.0318,0.03,0.00289,0.214,0.164,111.867,2y4rP6PQ93fpXbfaOgAuoH,307508,4
668,0.664,0.559,-7.568,0.075,0.139,0.0,0.303,0.548,153.95,31xA2Iti4kb3aMiX75e8Y5,149611,4
669,0.615,0.534,-7.966,0.0284,0.00867,0.645,0.147,0.0402,120.505,2gI32ZcoWSf2LP6rtS5ysC,376982,4
670,0.615,0.782,-3.386,0.0331,0.0173,0.0,0.189,0.562,96.97,3rvEUrjnl3eXXmKiKLkzRN,193053,4
671,0.441,0.169,-14.952,0.035,0.986,0.905,0.1,0.147,112.615,5vmvF4zNqr4l92LPKK9RBL,181840,4
672,0.233,0.432,-5.957,0.0321,0.291,0.0,0.279,0.286,195.663,16LGRLfaVIC5rT2ZvLk0gd,184747,3
673,0.528,0.06,-19.754,0.0409,0.759,0.0,0.135,0.237,125.401,0tylZM0xDMZJOMn3xUs9lu,268000,4
674,0.588,0.452,-4.75,0.0268,0.437,0.0,0.344,0.734,139.953,0UXlu64mDLvfzR8IXMz06J,185723,4
675,0.563,0.437,-14.587,0.0307,0.918,0.336,0.0808,0.294,135.021,6baQSIXZupWLpW9NCpa8aY,213359,4
676,0.34,0.684,-6.306,0.044,0.00979,0.0,0.348,0.556,112.969,5UXJzLFdBn6u9FJTCnoHrH,248819,4
677,0.381,0.766,-5.261,0.0444,0.172,0.000106,0.108,0.325,199.643,5xbqKnGfY0RLDgzgD2kGVY,156501,4
678,0.709,0.357,-9.289,0.214,0.478,0.000294,0.112,0.544,75.494,4XJRpBOG0bU3Nxnvam3FnC,129480,4
679,0.481,0.185,-15.311,0.0921,0.843,0.000257,0.161,0.472,161.324,6W70ntMylqPCVI7N2vcYHt,219939,3
680,0.414,0.145,-23.149,0.271,0.744,0.549,0.112,0.164,139.602,22jAmKDaMk6QGo2es1ogZ0,166594,5
681,0.559,0.69,-11.242,0.0285,0.00466,0.755,0.427,0.559,126.012,6L2xeO3hUnkTkQIgFH3qxq,274439,4
682,0.55,0.648,-6.542,0.0309,0.0191,0.0,0.0999,0.323,156.957,3WBRfkOozHEsG0hbrBzwlm,202821,4
683,0.753,0.33,-19.674,0.102,0.0771,0.113,0.0956,0.602,113.375,54V6KBbAv90qXWZKTg2HZe,157000,5
684,0.644,0.671,-5.156,0.315,0.0225,0.0,0.0855,0.563,132.001,5vhrsx08dHh2QcVh1Rsiwt,250723,4
685,0.593,0.849,-8.963,0.0472,0.0347,0.876,0.126,0.501,120.563,5tOPGyrcL9rnOkPFNwUqSC,520000,4
686,0.693,0.643,-5.867,0.0828,0.138,0.0,0.108,0.477,95.055,0mt5FAO3VaKTpgTY3t5o7G,163450,4
687,0.691,0.985,-4.865,0.277,0.602,0.0,0.164,0.656,144.097,6l2LlsESrnv48XLyv0eRSy,273775,4
688,0.788,0.859,-2.724,0.0856,0.281,0.0,0.0424,0.822,141.02,0nCzs1W2co7VMDLAftByji,207853,4
689,0.617,0.99,-0.876,0.0608,0.382,0.885,0.371,0.675,179.982,13Iz19icmBwoSSrfNJKQPA,193405,4
690,0.693,0.643,-5.867,0.0828,0.138,0.0,0.108,0.477,95.055,0CndJKm8MgOOpjnMOzM58l,163450,4
691,0.775,0.843,-4.874,0.0367,0.139,7.7e-05,0.362,0.723,128.049,1yMocpB1XYRBJy7j7RcI1F,241880,4
692,0.693,0.643,-5.867,0.0828,0.138,0.0,0.108,0.477,95.055,1vdzv28pU8ZZoAgnbJEzQs,163450,4
693,0.488,0.463,-2.648,0.134,0.702,0.0,0.344,0.0968,176.762,6EOG0CCeZOuDbIEE9SIVtu,20000,3
694,0.788,0.859,-2.724,0.0856,0.281,0.0,0.0424,0.822,141.02,6J43sG4bdPcPxJYnva6cSL,207853,4
695,0.416,0.348,-16.441,0.35,0.00629,0.0,0.143,0.0983,80.15,5BRup5ZwKy991u74wPY33p,157476,4
696,0.788,0.859,-2.724,0.0856,0.281,0.0,0.0424,0.822,141.02,6Z0m4krjiVvhwmySueGyOD,207853,4
697,0.689,0.458,-9.596,0.44,0.162,0.0,0.171,0.156,90.784,1SunlslLu0uOdqFbi064Y4,167008,4
698,0.788,0.859,-2.724,0.0856,0.281,0.0,0.0424,0.822,141.02,1ZyjYJmIUBZoYS9D45erG4,207853,4
699,0.704,0.458,-9.628,0.511,0.183,0.0,0.173,0.121,120.938,4SW4rU9zNI68WMVl4qvT9k,166975,5
700,0.693,0.643,-5.867,0.0828,0.138,0.0,0.108,0.477,95.055,4RJQYrRIkB8rrAN7dM5QiM,163450,4
701,0.878,0.455,-7.642,0.293,0.0965,0.0,0.107,0.0607,129.831,6LHEBFWrFVjMa2mWBaDyqP,192422,4
702,0.693,0.643,-5.867,0.0828,0.138,0.0,0.108,0.477,95.055,1GELWoizGVyrU68KbngKgI,163450,4
703,0.8,0.847,-9.673,0.0704,0.0981,0.852,0.0851,0.392,127.014,7cro5M4VydUuVwKVQIGNYl,371250,3
704,0.567,0.211,-9.975,0.0315,0.952,5.24e-05,0.275,0.289,134.019,6m86rURN2cLA3oPqrVPKrA,185587,4
705,0.635,0.58,-10.748,0.415,0.207,0.0,0.383,0.504,129.961,78XZA4YyvAgXz30Uw840km,196347,4
706,0.788,0.859,-2.724,0.0856,0.281,0.0,0.0424,0.822,141.02,3ZjBIezBHOpACbrPLJ8phv,207853,4
707,0.763,0.786,-8.748,0.311,0.00428,0.00381,0.494,0.343,103.027,6p5quGVXwrLG8YEfNzGmMH,74302,4
708,0.693,0.643,-5.867,0.0828,0.138,0.0,0.108,0.477,95.055,5vL1bXzrGRO636iTFNYxIN,163450,4
709,0.78,0.94,-1.495,0.248,0.667,0.0,0.938,0.961,134.999,7hiSu35eJGLP03e9qNUdwa,169777,4
710,0.818,0.67,-4.45,0.047,0.3,1.13e-06,0.0601,0.947,119.987,5YsqdKKBgyeGBUebwGMRWG,235382,4
711,0.846,0.456,-10.161,0.256,0.184,3.93e-05,0.163,0.332,75.027,6v06IIChm7E6MZu8RgfS02,158000,4
712,0.593,0.834,-3.738,0.0424,0.115,0.0,0.191,0.555,151.944,753lkDSNs2u188xbl8Vrnx,196987,4
713,0.448,0.477,-12.96,0.0327,0.766,0.929,0.12,0.0367,105.026,0iN8p7VxvqpdbGHjQ4RCzA,338286,4
714,0.674,0.693,-7.021,0.0711,0.00584,2.81e-06,0.135,0.174,96.027,0crGQ19YYzGgFYLSw0UdrG,183507,4
715,0.575,0.502,-7.142,0.0265,0.341,0.948,0.146,0.334,94.075,2CcOp4tZAOyMctbALWZbxR,197042,4
716,0.513,0.974,-1.113,0.508,0.0159,0.0,0.0712,0.503,195.767,2KBYPTSTHjYYOPACrFTkPy,143552,4
717,0.709,0.839,-5.687,0.0286,0.00139,0.884,0.182,0.921,128.007,4S5vCQei4LfMiOs3zz83k4,168617,4
718,0.938,0.798,-3.998,0.103,0.00813,7.03e-05,0.146,0.265,99.992,2QWEMqQMJR1KDf6hDjJOs6,159762,4
719,0.709,0.839,-5.687,0.0286,0.00139,0.884,0.182,0.921,128.007,14rIuV6tVxl4BoxElWK5OX,168617,4
720,0.612,0.44,-5.894,0.034,0.762,2.56e-06,0.0858,0.683,133.872,0OPiOIAyw2FUjKm8PXBGhq,176459,4
721,0.771,0.422,-15.803,0.141,0.0849,0.0,0.281,0.243,128.01,4lrGmWuxDeXV5xpdNMUbsF,210051,4
722,0.504,0.267,-13.678,0.406,0.438,0.0,0.141,0.392,83.966,3vZGtceCbJVh5aDT4XhE0p,242823,4
723,0.575,0.502,-7.142,0.0265,0.341,0.948,0.146,0.334,94.075,4lO5Pvv6GJOcgB6syGWMQp,197042,4
724,0.711,0.686,-6.409,0.271,0.0355,0.0,0.124,0.536,146.971,3FSwpQ9dBZBeBV6UdYHI2R,173187,4
725,0.841,0.583,-14.785,0.044,0.16,0.93,0.095,0.899,120.942,6bO3sSS3PCRZQMX0Vbtm1a,115089,4
726,0.695,0.69,-5.805,0.0233,0.0328,0.697,0.113,0.741,92.977,2FPmvXIMpjgzJQbUeJo8Iv,293427,4
727,0.839,0.829,-7.125,0.0341,0.197,0.193,0.255,0.867,134.997,0KmRxm6io6aPBGUKyUSYgM,268444,4
728,0.574,0.369,-9.251,0.0262,0.83,0.234,0.0976,0.41,73.013,0J119Oas2ox6JTTHUGZxHN,273787,4
729,0.691,0.774,-8.749,0.0466,0.0468,0.946,0.222,0.621,134.978,3OvzsImaRqKOKXifXmx1uR,211996,4
730,0.736,0.385,-12.8,0.0426,0.101,0.00889,0.1,0.518,109.949,3xuwLpKdPz1K48V7AoT2vx,318080,4
731,0.505,0.27,-9.165,0.0333,0.593,0.0,0.133,0.557,98.721,1SjsVdSXpwm1kTdYEHoPIT,163032,4
732,0.687,0.491,-12.797,0.0444,0.519,0.859,0.158,0.0395,124.976,0m0Oaa6PXRccSuPOdfZWSJ,278188,4
733,0.349,0.545,-6.073,0.0352,0.105,0.0,0.153,0.209,104.477,6FH6fmlh9DbvssuEQyQEVd,214100,4
734,0.273,0.351,-9.028,0.0314,0.194,0.0,0.149,0.361,179.446,2d5UjHjHX2hk7fjFh63emq,250394,3
735,0.75,0.797,-4.826,0.118,0.293,0.0,0.392,0.523,105.949,4RAR8g8fZNB106ezUurnE0,215203,4
736,0.573,0.616,-10.644,0.0284,0.127,0.896,0.196,0.833,168.064,3AS9jBcbsBFWuzocUFmWOX,243541,4
737,0.628,0.517,-7.031,0.0596,0.45,1.27e-06,0.104,0.295,79.029,5HVc3YeNKDFomPhXBKE90U,208067,4
738,0.479,0.53,-6.222,0.027,0.181,0.0,0.0609,0.314,86.495,3phmMLcoCoyS3SfWGcCBmo,192009,4
739,0.815,0.442,-7.462,0.107,0.457,0.0,0.101,0.706,90.019,769Ld8demNhMgVLAQcjTDn,151508,4
740,0.519,0.619,-12.209,0.0433,0.48,0.898,0.129,0.535,95.04,3rrJqefiMAuFRJKY7rtNGx,239326,4
741,0.542,0.43,-20.513,0.632,0.557,0.0118,0.104,0.0459,107.203,7wXAOi3cCW0jUaL7Vvksqq,305010,4
742,0.43,0.31,-7.092,0.0317,0.823,0.0,0.157,0.611,173.549,6yL1rqGAbybZuR24UKm2S2,132152,3
743,0.863,0.62,-7.167,0.135,0.0508,0.00324,0.129,0.432,103.971,296nXCOv97WJNRWzIBQnoj,168437,4
744,0.455,0.418,-16.324,0.0326,0.604,0.977,0.085,0.079,105.094,172TcvFzNClURPK7XJGL4R,338286,4
745,0.647,0.657,-8.101,0.05,0.222,0.00231,0.143,0.39,139.038,4u5CfuAGAHNYDIHSSW7BiY,180187,4
746,0.325,0.114,-22.209,0.0307,0.706,0.916,0.123,0.0401,141.975,0ZuC3jETtQphELPLhqjwnv,155932,4
747,0.538,0.785,-4.87,0.0296,0.142,0.0,0.3,0.631,146.066,1ONKgvfAhcbgHp4AKWAidI,160750,4
748,0.655,0.724,-5.996,0.191,0.00739,0.0,0.314,0.61,90.931,3pbTf8FL1vHlMotL0Pp38V,174000,4
749,0.507,0.396,-7.637,0.0251,0.704,0.00115,0.162,0.366,89.908,5Z4EEIaSzeRmYze3W47S1k,173520,4
750,0.62,0.737,-11.977,0.0346,0.00157,0.825,0.0725,0.732,100.919,3YPlGiPnGVByINMVMs38Al,502253,4
751,0.796,0.621,-6.129,0.0346,0.175,0.0,0.274,0.808,121.904,3zAOcNGOFq5Q1OsN0tcxA0,151973,4
752,0.774,0.483,-15.523,0.0478,0.00616,0.829,0.138,0.082,124.051,6PrvZt9xnNA5ZG3dr8TP6Z,183822,4
753,0.765,0.777,-4.376,0.0399,0.0539,2.58e-06,0.338,0.64,111.944,6I2tqFhk8tq69iursYxuxd,197587,4
754,0.654,0.732,-11.688,0.0392,0.00036,0.846,0.143,0.379,113.877,7AL6CYD9vq95J6sInrXubl,496320,4
755,0.213,0.305,-11.88,0.0299,0.176,0.762,0.115,0.058,80.067,2kk2trjT2JXhEHtCnz9FWA,240080,4
756,0.563,0.808,-10.455,0.0337,0.00024,0.425,0.0882,0.648,95.037,3f78pdhlYlS8DTxO36Zcg9,524947,4
757,0.605,0.509,-7.925,0.0389,0.023,2.32e-06,0.149,0.381,90.069,2cfgZge1AdyJLojrXchgTb,194009,4
758,0.569,0.497,-14.223,0.0424,0.0234,0.0385,0.106,0.919,91.883,24oj0VevUrCn6QCeL7k9gl,147017,4
759,0.821,0.897,-3.624,0.129,0.091,3.44e-06,0.106,0.354,154.985,62tDpymKVSXEu0W3d4AMr9,171827,4
760,0.818,0.777,-9.123,0.113,0.000233,0.503,0.0769,0.667,119.994,2JhPpFTalJLNmur6koXg6f,504438,4
761,0.648,0.68,-7.276,0.345,0.292,0.0,0.0808,0.504,106.89,67XC51nlZncNpHmZ8rOU9a,341307,3
762,0.564,0.967,-9.072,0.0504,0.000885,0.819,0.539,0.493,135.015,2dqh57SJGT10okAopVYI5K,313960,4
763,0.889,0.449,-7.63,0.293,0.0313,0.0,0.0581,0.911,137.941,7Mto5DGHzHXzF1hpsMRtYK,121113,4
764,0.847,0.338,-12.995,0.0495,0.0862,0.881,0.12,0.175,130.038,07z4nm6MGj1FbDeqPvoV6x,157021,4
765,0.578,0.459,-11.938,0.041,0.501,1.86e-05,0.143,0.164,160.065,0ciLo7Ntd7Gfc0rQRTgkSG,201195,3
766,0.64,0.273,-9.106,0.0287,0.752,0.0,0.14,0.343,111.664,55y1ZPJSaZ0gwspyxgvqbv,179953,4
767,0.659,0.575,-10.342,0.0723,0.0114,0.0214,0.0845,0.342,94.559,2uMv1AvQhvXk4F3DAeABGg,152451,4
768,0.671,0.91,-9.177,0.0469,0.0184,0.784,0.371,0.265,124.004,1q1sZCHS8hLikiCViUmAy2,294511,4
769,0.596,0.607,-6.179,0.168,0.33,0.0,0.103,0.531,119.882,5MWXOo8DJwgODtPGaietNz,120666,4
770,0.701,0.368,-9.392,0.0368,0.031,0.00041,0.107,0.501,109.946,45ZRM6DiNKun3TvlZ6eCnP,230786,4
771,0.288,0.457,-7.937,0.0317,0.599,0.0,0.0827,0.313,76.388,6xDX0NsGvgqEUHdlrtjjqK,219241,4
772,0.711,0.299,-21.284,0.1,0.0307,0.384,0.133,0.297,123.016,6JCr2tkVEczqNZDVZheNRp,548505,4
773,0.602,0.841,-3.334,0.109,0.0354,0.0,0.235,0.684,157.937,1IthE5GNiRzFN5CVaCa445,238628,4
774,0.621,0.711,-7.679,0.0405,0.379,0.387,0.136,0.407,90.507,17I2GV2tBGBOQ9Ngnn3gNm,192804,4
775,0.5,0.759,-4.205,0.213,0.118,0.0,0.0646,0.608,84.382,0rIVkcGNthFUfVItd2vcyl,118339,4
776,0.28,0.341,-8.544,0.029,0.237,0.0,0.149,0.304,178.701,41Jbbj4t5bNSaCPtV7sndW,250394,3
777,0.428,0.367,-9.905,0.0914,0.132,0.0,0.149,0.174,71.184,1RR29QADKP8ygptqTDdHSH,379004,4
778,0.209,0.997,-1.329,0.136,0.00232,0.914,0.394,0.0254,174.826,5h8YGRGJVgjeszhgpm8g7C,346375,4
779,0.604,0.741,-5.571,0.0475,0.178,3.49e-05,0.409,0.473,153.947,10BXN8OJSSn5y2g6Ny6G4J,153190,4
780,0.542,0.987,-7.534,0.0328,3.67e-05,0.943,0.0787,0.476,140.007,0rfZRBzCOuSeaDrgPjrh4z,300000,4
781,0.81,0.655,-6.779,0.0698,0.127,8.16e-05,0.105,0.809,150.002,1ilY6htCCNf0PhlF4S5tg4,193322,4
782,0.128,0.418,-14.376,0.0367,0.962,0.865,0.187,0.0315,85.864,4CcNW49w3mcunLZmgGbKlN,220605,4
783,0.646,0.634,-5.689,0.0538,0.181,5.65e-05,0.639,0.308,139.93,30r2riXzp5elipNdxnKDbs,212533,4
784,0.552,0.97,-9.735,0.0436,0.00314,0.565,0.0832,0.238,139.996,6kQLlLrnmsbzy9Q2qvO8ZQ,233143,4
785,0.748,0.742,-4.364,0.0941,0.14,0.0,0.0729,0.817,103.995,0sl3IkPJoSj3h7aZJDdsZT,287333,4
786,0.537,0.715,-10.321,0.036,4.77e-05,0.381,0.372,0.148,134.988,4t6vgpsw0sMNEdbOXBdtPe,309333,4
787,0.481,0.285,-10.848,0.0424,0.9,0.0,0.123,0.316,130.021,6WF3slcEDlXVCaC9GxmXca,210173,4
788,0.664,0.953,-7.106,0.0394,0.0564,0.017,0.29,0.455,139.981,0fNnbYzqDUyjcZZ5lwR8rX,281143,4
789,0.761,0.443,-6.625,0.0448,0.525,1.83e-05,0.0751,0.626,138.995,4dks7rJiOHr02ys8Xgsg2U,168200,4
790,0.497,0.844,-10.703,0.0447,1.91e-05,0.378,0.048,0.184,139.992,0tY2pKuI3smlBB9qpOjyXY,221143,4
791,0.631,0.337,-9.308,0.0293,0.907,0.0,0.173,0.396,80.079,2Qh1CWm3rnQlOzMEoHVU5x,262573,1
792,0.515,0.706,-9.27,0.0286,0.03,0.000188,0.298,0.373,124.98,6cGzSPDlWWtUSUzoihS2bv,357905,4
793,0.604,0.741,-5.571,0.0475,0.178,3.49e-05,0.409,0.473,153.947,0FJY7Rkvlo9Lf8HAWsoPNL,153190,4
794,0.501,0.821,-7.562,0.0476,0.0038,0.0395,0.27,0.136,101.955,7jo3pXENgnt8zXXCQm2Om5,264411,4
795,0.947,0.605,-8.621,0.346,0.0748,7.54e-06,0.0901,0.656,129.988,6BczFLHW9aIf9aWn5NFuNL,133613,4
796,0.807,0.58,-12.847,0.0856,0.0139,0.939,0.0996,0.554,119.952,18IzyQBkLl4qMZj7Pkm4u3,214608,4
797,0.739,0.58,-7.414,0.0637,0.0395,0.0,0.114,0.452,96.501,64pUytZWfCpeeMBN0XAadF,220760,4
798,0.318,0.295,-16.727,0.0319,0.0374,0.0181,0.0887,0.0506,105.494,49u25ckAvC2vLaOFAKON5w,328320,4
799,0.69,0.626,-5.693,0.306,0.105,0.000335,0.0881,0.912,184.009,3AVXwaOGCEL8cmBecfcsFJ,185681,4
800,0.891,0.565,-10.602,0.0635,0.000793,0.641,0.096,0.329,128.005,4jZvsvNl131IOgiQDGmqcu,182952,4
801,0.791,0.439,-5.62,0.0645,0.302,1.85e-05,0.126,0.559,85.004,16MQETUgqXwY4lZcyRafU3,190659,4
802,0.291,0.687,-10.661,0.0399,0.0049,0.434,0.0912,0.0392,108.004,4oSDN3b30psnWQcdDWXNOu,428480,4
803,0.475,0.695,-5.919,0.102,0.0159,0.0,0.125,0.552,100.009,1HsSIPLTQT354yJcQGfEY3,191038,4
804,0.521,0.807,-12.73,0.0391,1.55e-05,0.918,0.298,0.175,153.967,6vENvnry4Ug2KeDKuKQK42,457307,4
805,0.727,0.616,-8.487,0.338,0.542,4.47e-06,0.482,0.392,140.014,7IBLt4Qarf4JDLxIQDv2O5,291612,4
806,0.275,0.713,-10.362,0.0345,0.00213,0.929,0.13,0.637,112.371,4yDxXSXBwOfqRFiPU0HNnh,274933,3
807,0.768,0.595,-6.35,0.264,0.244,0.0,0.159,0.52,82.654,6f8nS2g21RNEL7gNG4WJVT,138187,4
808,0.332,0.712,-12.841,0.0787,0.00683,0.878,0.132,0.411,75.671,5feUtvS7uI6VdYlkOdz9pJ,253840,3
809,0.544,0.573,-5.694,0.0356,0.0958,0.0,0.104,0.233,122.977,0OWhKvvsHptt6vnnNUSM9a,211739,4
810,0.573,0.882,-9.497,0.041,0.000142,0.892,0.137,0.63,130.822,0Y6jZQ942ExYc3DwkbjNUD,470787,4
811,0.438,0.412,-9.75,0.0275,0.8,0.0,0.267,0.413,88.977,6rTqYkpXwKMv8sBvWB6Fl4,50427,3
812,0.511,0.809,-10.515,0.0474,0.000338,0.87,0.18,0.0747,150.976,61f8ZV6oOPx3yww9QH0vWD,358853,4
813,0.677,0.557,-8.409,0.0694,0.00508,8.36e-06,0.0984,0.1,150.127,3ioJs8DQw527GmqJIp5gZG,206385,4
814,0.606,0.965,-8.171,0.0515,5.42e-05,0.845,0.642,0.457,134.98,2uPKktN8aIPn3tWSUIrz7n,506867,4
815,0.52,0.751,-5.064,0.0551,0.171,7.4e-06,0.0624,0.519,156.044,1tRxwf8Q0AcshfHuaD86Yt,236456,4
816,0.369,0.925,-10.71,0.0571,2.96e-05,0.863,0.416,0.171,179.933,3INPb1gpR014DX9bsyEXmO,302627,4
817,0.5,0.485,-7.94,0.0422,0.633,1.26e-06,0.107,0.379,109.755,3X0V4uEujns3TlpoDa2TvP,207453,4
818,0.156,0.21,-26.645,0.0472,0.717,0.968,0.109,0.0556,140.719,613GJzJTDc2f4TvHj56WsH,181000,5
819,0.774,0.551,-5.862,0.0854,0.0334,0.0,0.109,0.0858,137.932,6JbrcjoMVBBNZllVOiHBcU,160034,4
820,0.375,0.626,-8.631,0.0664,0.000127,0.879,0.103,0.134,97.35,4WuBbpYdKsJxilb46dutT9,390387,4
821,0.655,0.682,-4.562,0.0464,0.0392,0.0,0.67,0.525,124.306,2HbpYFQbairMoU2YFyOP2x,161799,4
822,0.573,0.145,-33.339,0.919,0.857,3.14e-06,0.383,0.249,80.697,1TQA7GIvmK6Dpi0iBjeBJu,67648,4
823,0.425,0.31,-7.545,0.0327,0.733,0.0,0.106,0.249,119.196,11xeawurZXUDqRPxCasaDt,220057,5
824,0.264,0.916,-7.345,0.0444,0.000731,0.74,0.435,0.392,137.914,7vH2fxmGs7L4WnNhb3HFI8,477360,4
825,0.535,0.791,-5.55,0.0327,0.00096,0.000155,0.0788,0.5,142.981,2D4dV2KXDTszzJ3p3cFqhA,211814,4
826,0.342,0.758,-11.414,0.0456,0.000189,0.219,0.518,0.156,119.951,3PwVARcMkEWrGoYCHSJ9wz,388107,4
827,0.7,0.812,-8.128,0.297,0.183,0.0,0.0756,0.801,97.405,5MMW4CZsZiZt2iuqAXzzWC,332229,4
828,0.638,0.976,-6.351,0.0431,0.000241,0.845,0.159,0.555,130.857,3fm1ltQyvW30SbUb5FEbMf,470480,4
829,0.475,0.569,-7.073,0.0343,0.037,0.00129,0.232,0.0395,108.007,6R9c642Hs3tOdLowjYaWt2,183816,4
830,0.571,0.589,-10.233,0.0314,0.65,0.764,0.224,0.388,122.664,5qdRFYXIsEZt2EkC9XKXWw,179363,4
831,0.633,0.433,-8.833,0.229,0.0053,0.28,0.145,0.373,122.088,2WzAAerBvZvvFXgUpSwHZ9,121972,4
832,0.35,0.416,-14.503,0.0361,0.000763,0.761,0.0901,0.0387,119.9,3OrlZLcu0IsZ415o1HqBpR,921120,4
833,0.384,0.938,-6.323,0.124,0.000236,0.0,0.132,0.163,92.859,1Gwu3d6lZjL99kw4dcFCsq,186129,3
834,0.614,0.898,-8.701,0.0516,0.0157,0.732,0.646,0.799,137.86,1OhGWAELgIh35eHS2QxJ4p,445253,3
835,0.741,0.913,-3.34,0.0465,0.00343,0.103,0.325,0.643,120.012,2W3ZpQg9i6lE6kmHbcdu9N,213750,4
836,0.565,0.674,-9.171,0.0743,0.257,0.0,0.0694,0.82,152.238,7qQRqE8b4hNv8KK5SsIzMV,115388,4
837,0.828,0.658,-6.19,0.14,0.81,1.06e-06,0.277,0.917,103.051,6dGqGkYDoRrKh5UiIcTT22,171947,4
838,0.278,0.366,-18.575,0.0494,0.891,0.868,0.104,0.0376,79.89,4d3vtlq24pNlTpRg2Vqmnd,238987,4
839,0.621,0.782,-5.548,0.044,0.0125,0.033,0.23,0.55,128.033,2tTmW7RDtMQtBk7m2rYeSw,198938,4
840,0.645,0.577,-7.43,0.0357,0.337,0.0,0.0793,0.622,110.044,5HYJe3jBS1blIIUspPMZaO,186533,4
841,0.538,0.868,-7.357,0.0377,0.000599,0.482,0.199,0.556,105.164,799XxzSlWNYkuWJxUbuGnF,514480,4
842,0.576,0.96,-8.712,0.0466,6.16e-05,0.928,0.593,0.741,153.983,7wE5siwy2p4BEWn4SMmM0q,417680,4
843,0.649,0.558,-4.863,0.0253,0.147,0.0,0.172,0.635,89.988,7qox7CiK5Kf25oBxCA0rY5,202387,4
844,0.635,0.347,-16.422,0.0374,0.18,0.786,0.112,0.0649,114.975,6eWwHqhlEcHgW45OS0F84X,306783,4
845,0.714,0.442,-5.909,0.0605,0.742,0.0,0.114,0.546,108.039,1jIMjbzcGCcCQn5iMu9CUc,146855,4
846,0.591,0.328,-9.948,0.03,0.537,0.0,0.129,0.336,111.796,5KfrnvfrfySrXDgT4rS0nY,180261,4
847,0.422,0.439,-6.606,0.0311,0.272,0.0,0.124,0.277,151.785,1ldUPmqrCvk6thNYe0oUen,199500,4
848,0.734,0.498,-12.637,0.0572,0.83,0.886,0.691,0.287,130.065,0pE0VqACPLQYr1YYasjAGr,200510,4
849,0.502,0.416,-9.504,0.433,0.912,0.0,0.0934,0.433,175.191,0KQRhak4Irr2CKxgQ9U6ay,143960,3
850,0.216,0.973,-4.965,0.12,2.44e-05,0.0,0.166,0.0545,119.115,7jr9wcDSbw7Q61ZMu63EWe,359125,3
851,0.551,0.37,-10.194,0.0551,0.87,0.0,0.122,0.241,137.265,7r1MqPAD09w24mCUUbxiCI,200192,4
852,0.512,0.761,-9.13,0.055,0.0951,0.00289,0.266,0.464,114.064,7EJsz5KM50ecoDtOoyW1P2,271842,4
853,0.867,0.771,-3.688,0.0939,0.0385,0.0,0.133,0.715,106.021,4nmD4awtUUCC4AGETpUiuP,181666,4
854,0.383,0.983,-3.297,0.0627,5.55e-05,0.36,0.174,0.0377,85.055,7j0m03baV8M3vGQ3tWFuKq,354218,4
855,0.732,0.672,-8.462,0.148,0.0642,0.0,0.121,0.16,137.03,1wNdGz7BlB9kH5lDc1eLLb,140601,4
856,0.594,0.845,-5.88,0.0536,0.00311,0.000982,0.0639,0.523,122.044,70lw3UVIT1z8KoR3sa3g32,238033,4
857,0.587,0.251,-9.017,0.0289,0.862,0.0,0.105,0.272,75.163,1TuSfYnKU5uKbYK1esQDLj,249316,4
858,0.272,0.98,-1.448,0.092,0.0524,0.0741,0.655,0.0356,80.007,6R0DkocY4fXn29OqSl1hkK,340750,4
859,0.565,0.56,-6.034,0.0275,0.538,0.0,0.0961,0.325,159.931,67AdiJcurlf6gocGobfaXs,177267,4
860,0.34,0.992,-3.652,0.0712,5.06e-05,0.375,0.322,0.037,159.953,6LF3NQNhgXRKzLhW1UAmdj,256652,4
861,0.494,0.653,-6.493,0.0632,0.0441,1.42e-05,0.0898,0.336,153.97,6b8LUVmacXlMUl4wRtCD2S,224188,4
862,0.755,0.527,-10.06,0.0436,0.00175,0.881,0.173,0.152,120.009,4oJs1GverLtyCqNPmQRZfZ,458000,4
863,0.609,0.619,-5.677,0.311,0.749,0.0,0.264,0.689,179.71,3M214U0mwSm041GsQR3nrO,168067,4
864,0.291,0.996,-2.975,0.12,4.84e-05,0.467,0.204,0.0374,165.028,5LzKNsw373N8gMzF7EsZp3,331103,4
865,0.727,0.53,-8.616,0.312,0.283,2.76e-05,0.392,0.258,174.025,6CmpZfKUQ2KerzBFZ3QKFr,210841,3
866,0.747,0.393,-13.21,0.24,0.206,0.886,0.0785,0.607,169.984,7q45chgcWwFsYP1bJWzzuX,133146,4
867,0.494,0.205,-9.759,0.0394,0.677,0.0,0.125,0.232,131.292,6W2PvnTNWUgxCJxRh84ALu,199317,4
868,0.76,0.474,-9.981,0.0547,0.385,0.573,0.0828,0.62,99.988,5wfugaSJD3yUGHo4arFuLM,346149,4
869,0.759,0.459,-5.187,0.0948,0.00323,0.0,0.0788,0.695,109.997,6jjYDGxVJsWS0a5wlVF5vS,164952,4
870,0.726,0.639,-10.328,0.0534,0.0631,0.918,0.183,0.312,122.005,6ZtLCXfmrInWZ85q9DXNz2,157514,4
871,0.947,0.605,-8.621,0.346,0.0748,7.54e-06,0.0901,0.656,129.988,3IPGG5Niex4hGlXFOYWzp9,133613,4
872,0.727,0.353,-12.342,0.278,0.642,5.49e-05,0.339,0.331,98.021,6oBVRhJaHmSB4lnGCs7VDF,82244,4
873,0.739,0.586,-5.079,0.0472,0.0245,0.000252,0.308,0.444,124.026,1bgKMxPQU7JIZEhNsM1vFs,142677,4
874,0.685,0.228,-15.064,0.0459,0.242,0.66,0.121,0.164,81.977,7fHjI1hxKbbHEpQmpENiBN,182256,4
875,0.622,0.304,-8.741,0.0407,0.425,2.66e-05,0.133,0.224,92.542,52wlhIULOeaxZpzuTYrVlt,176693,4
876,0.796,0.764,-10.763,0.0991,0.000276,0.858,0.0624,0.112,128.012,0TyZmVhwR9Ndf8XfKisuHe,120346,4
877,0.546,0.898,-3.067,0.162,0.0266,0.0,0.129,0.639,173.17,5XUuldRjPXcP5QxyEN4IXT,191415,4
878,0.738,0.339,-17.878,0.567,0.107,0.0,0.25,0.741,88.477,4pWdxcT1mvxWlFQqudwqUo,270473,4
879,0.587,0.683,-4.622,0.0371,0.0664,1.01e-05,0.211,0.763,127.749,6K155OgCAeWxx4Be2kHkym,166342,4
880,0.594,0.845,-5.88,0.0536,0.00311,0.000982,0.0639,0.523,122.044,0ejxF25oF3kEAQoQLZyPTE,238033,4
881,0.552,0.411,-7.946,0.0434,0.794,3.5e-06,0.248,0.501,78.095,5jFqUtts2sSQsg5d7e42nI,181239,4
882,0.495,0.967,-4.337,0.0298,0.00512,0.00143,0.331,0.254,134.862,7ud9Cfqm0e1naGL8YGbfN8,261207,4
883,0.588,0.55,-5.878,0.0269,0.166,8.67e-06,0.11,0.39,115.01,6TpyujRefwsflWFXbmjVpj,254173,4
884,0.594,0.845,-5.88,0.0536,0.00311,0.000982,0.0639,0.523,122.044,1LJcAwGWNC3lp3FORV7CbT,238033,4
885,0.845,0.797,-4.984,0.139,0.0582,5.57e-06,0.167,0.422,121.985,7fZBQnc0zXwVybgCIrQQil,151475,4
886,0.495,0.967,-4.337,0.0298,0.00512,0.00143,0.331,0.254,134.862,2jyZLLFIN4TCaJePqIm3ib,261207,4
887,0.531,0.886,-3.878,0.0411,0.0159,0.0,0.367,0.664,139.963,3jowVO7LtaViPc19EcAJKQ,193920,4
888,0.594,0.845,-5.88,0.0536,0.00311,0.000982,0.0639,0.523,122.044,5qoU8TttQ1BIwJYnJFrqV7,238033,4
889,0.423,0.415,-7.104,0.0314,0.732,1.14e-06,0.117,0.175,143.206,7y2mezWO3hkfyugI2s9WQp,292027,4
890,0.629,0.854,-8.752,0.0473,0.0927,0.824,0.139,0.46,150.799,279cmYtlly125lcqu9hb4G,389907,4
891,0.671,0.857,-5.435,0.292,0.266,0.0,0.668,0.597,118.574,1BzXvBpIFWJgu0P8P6xmP4,309323,4
892,0.698,0.42,-14.457,0.062,0.000148,0.792,0.104,0.138,138.932,77pUyPf2F9K1OqEmDKvFU2,167500,4
893,0.645,0.607,-7.399,0.0493,0.0217,0.0,0.558,0.606,93.161,1PjOJD6X6uInaheqUSDCJT,158440,4
894,0.65,0.885,-3.283,0.0398,0.389,2.21e-06,0.397,0.948,79.902,6l1n4dLEQJSA6DUCf3jZ3W,608628,4
895,0.634,0.818,-3.576,0.0274,0.000823,0.0,0.166,0.485,109.03,6VN3dKYTClhY5eYQEnBehr,203972,4
896,0.395,0.495,-9.087,0.0329,0.496,0.0378,0.12,0.517,168.01,3KNQwQpL0arVw85PB30hHm,188044,4
897,0.63,0.544,-7.252,0.0287,0.0282,0.0,0.199,0.389,112.942,3fA0FKdkPmBa62MSxwewKE,189443,4
898,0.395,0.495,-9.087,0.0329,0.496,0.0378,0.12,0.517,168.01,68dhbMSBqxdIHBAo0sCS22,188044,4
899,0.53,0.592,-7.281,0.0534,0.381,0.0,0.294,0.544,125.721,3TFoEJe5zNuHZStRboWPxg,158537,4
900,0.558,0.886,-3.957,0.035,0.000167,0.0,0.0852,0.732,131.052,6TACEZfESIGhlj0iGKlbgM,286053,4
901,0.667,0.591,-8.456,0.033,0.414,0.0,0.157,0.434,97.565,5PSYn0XVImstXPFFDtajEK,178265,3
902,0.287,0.997,-1.467,0.0943,0.0346,0.762,0.14,0.0384,159.959,44xjLq7NhDw44BzRz6QVku,363500,4
903,0.476,0.46,-5.846,0.0888,0.642,0.0,0.11,0.38,173.258,46z5wYDLxqBmqOvZro2EbE,126824,4
904,0.579,0.709,-12.119,0.0368,0.0371,0.809,0.069,0.373,125.014,25xaybaFbzI2ejbirrTXib,154154,4
905,0.751,0.583,-7.41,0.0529,0.0391,0.0,0.116,0.476,96.52,0PwC30wtoEQ1nxoG6DZoFO,220760,4
906,0.369,0.974,-2.321,0.0782,0.000963,3.34e-06,0.0866,0.372,114.869,5SJyhwUWLjdTRrJdkfF0qJ,282773,4
907,0.646,0.533,-10.461,0.118,0.0589,1.75e-06,0.269,0.249,169.913,6UAy9xYeTWjZB7h05p83e9,192022,4
908,0.526,0.959,-3.613,0.0643,0.00773,0.0,0.325,0.696,117.105,1oJHNcGUnCW4NHk4CT8YFU,268600,4
909,0.474,0.801,-5.978,0.375,0.102,0.0,0.322,0.497,147.356,4huBDGP4I3S0pYI0EaRN1c,256000,4
910,0.489,0.964,-2.911,0.0856,0.025,1.34e-06,0.343,0.31,116.086,4p5QRpC7Xks4KFo74rPBrv,315520,4
911,0.771,0.594,-8.991,0.193,0.00482,6.88e-06,0.111,0.119,149.106,37nYSBS0MfRCm913QwCCYo,154787,4
912,0.323,0.874,-3.274,0.0398,3.48e-05,0.652,0.376,0.139,80.063,2cdtK68HnWlhygqolrONvE,316260,4
913,0.463,0.596,-8.609,0.134,0.0358,0.0,0.107,0.289,84.281,6d4nagVvGdvMEq1Ngg5PPb,311387,4
914,0.524,0.951,-2.932,0.0753,0.000241,1.59e-05,0.335,0.544,125.01,670jcsXFL0SdPDnEBTgfOS,283413,4
915,0.839,0.765,-5.603,0.0851,0.16,0.0,0.1,0.656,119.917,6w2pWpwDY4igt0UAtowyAV,65455,4
916,0.638,0.926,-3.598,0.0484,0.116,2.91e-06,0.0862,0.929,133.966,4D4n0nuqBQ5k7eLtNYs2vU,233320,4
917,0.732,0.635,-7.191,0.178,0.106,1.52e-05,0.0977,0.795,171.88,3dGJPLnc2YlXVvcgwW47Mn,146840,4
918,0.465,0.978,-2.55,0.173,0.00159,0.0,0.37,0.531,126.254,59zRfOVWyxlxpJ9RPSfJiz,265653,4
919,0.39,0.305,-13.392,0.0555,0.489,0.0687,0.155,0.166,157.155,1hboZZxKIEjLHRIkhx4Soi,115138,4
920,0.472,0.933,-3.741,0.0513,8.07e-06,4.16e-05,0.286,0.54,122.999,5ifVAiOA4qlJR6dT7DWvnX,221613,4
921,0.683,0.714,-4.898,0.252,0.181,1e-06,0.111,0.448,173.963,30W8VKHrAZmHzObnwAoc1u,174483,4
922,0.406,0.93,-4.891,0.0577,0.000378,0.000655,0.164,0.687,177.994,5tBEwjAFm5tiGW0fIEpi4E,226360,4
923,0.654,0.615,-8.157,0.0758,0.0311,0.00125,0.191,0.307,148.005,53Ng9b4xU3NbvyajMGM2pj,263680,4
924,0.199,0.219,-24.782,0.0514,0.984,0.847,0.104,0.0333,74.724,3Vq1xfzkNZhCRYPFdfnvX1,82000,4
925,0.637,0.533,-9.04,0.157,0.00861,0.0,0.104,0.389,85.028,3Mr7AWHQj2ZUfMwNWq59MK,218267,4
926,0.502,0.168,-14.061,0.0486,0.885,0.0,0.111,0.355,112.881,3OYNDrkdYFv06Dek5iNlst,228443,3
927,0.73,0.634,-7.194,0.184,0.111,9.63e-06,0.0986,0.777,171.824,0SSVi1ND8YAk5XpaHOePoo,146840,4
928,0.594,0.845,-5.88,0.0536,0.00311,0.000982,0.0639,0.523,122.044,0tF6eCvUgYkp9wj7nwUIN9,238033,4
929,0.692,0.684,-7.168,0.0464,0.0828,0.0,0.212,0.686,149.921,05hyO45lzOkCpMBomiKsMP,286573,4
930,0.617,0.865,-4.463,0.0435,0.00929,0.0073,0.26,0.297,122.985,4NNPWIzsbvFLLGBqKkoZYG,233896,4
931,0.646,0.584,-7.111,0.0771,0.0288,0.0,0.0572,0.37,99.723,4U94pbUhXrzFNVcyrFeMso,179080,4
932,0.765,0.473,-5.829,0.0518,0.286,0.0,0.391,0.341,120.007,0pWRu5tfMnE2LN9cJPKFvr,237300,4
933,0.755,0.87,-2.414,0.0936,0.00988,0.0,0.0917,0.645,124.032,0IGUXY4JbK18bu9oD4mPIm,174387,4
934,0.617,0.865,-4.463,0.0435,0.00929,0.0073,0.26,0.297,122.985,4jOR0pSS3lflhFs1QJDnGS,233896,4
935,0.593,0.364,-7.242,0.175,0.515,0.0,0.348,0.652,83.133,0lyZyn18awzOJuVM7qzCmd,230000,4
936,0.617,0.865,-4.463,0.0435,0.00929,0.0073,0.26,0.297,122.985,49uDDV1bffujyINxGyQdeg,233896,4
937,0.704,0.399,-9.447,0.25,0.0134,0.00017,0.111,0.238,91.858,1rbVvD97q3mHJweROzdxza,233747,4
938,0.395,0.495,-9.087,0.0329,0.496,0.0378,0.12,0.517,168.01,26LZiM2Wan9I9UdwKvCUE9,188044,4
939,0.533,0.381,-9.306,0.0301,0.0109,0.000567,0.12,0.345,152.003,5bl5hOs9xhin8bQvcAcaFq,215707,4
940,0.617,0.865,-4.463,0.0435,0.00929,0.0073,0.26,0.297,122.985,7p3R6ksDoGGNqVDPJHodeU,233896,4
941,0.504,0.893,-4.801,0.0488,0.00556,1.83e-05,0.34,0.333,145.005,3I56OBwJkDAyt9L00c8ois,202912,4
942,0.665,0.624,-10.122,0.0579,0.799,0.921,0.141,0.241,118.106,6tO4xMwcUSyOqvIY5A2fxQ,158418,4
943,0.303,0.581,-7.409,0.116,0.508,3.71e-05,0.274,0.421,82.665,4zirtDykYKtyBUaxdjTJmZ,261840,4
944,0.686,0.401,-17.835,0.043,0.0659,0.76,0.342,0.351,109.924,0ANR93LVJJ4QK6IKU5NtqP,61091,4
945,0.575,0.633,-7.636,0.22,0.017,0.0,0.342,0.178,90.255,3onD71qCNX4f67nmjw3THA,174000,4
946,0.337,0.796,-4.121,0.0397,0.025,0.0,0.206,0.141,187.822,50NoYcZ0eM2AABpioJ7smS,337880,4
947,0.68,0.521,-8.59,0.0572,0.0363,0.0,0.131,0.115,91.851,2iezHdu9xLOvCkb8LW3FtU,191160,4
948,0.362,0.35,-11.951,0.0293,0.307,0.104,0.108,0.137,135.482,4RmcZmLkMbdZBriPndVxYc,276595,4
949,0.638,0.615,-7.59,0.0646,0.122,0.0,0.244,0.65,160.002,3uzovh7aNEkFcOT56YPXxF,170467,4
950,0.507,0.307,-10.888,0.0329,0.416,0.0,0.111,0.0395,138.153,7BXUIwSH8WUKPS5YpnefRD,233847,4
951,0.611,0.728,-6.904,0.0429,0.00707,0.00394,0.0902,0.722,159.982,0ZanxzL5MCOURk9VVxGokB,211880,4
952,0.204,0.98,-3.376,0.0724,3.66e-05,0.0,0.127,0.183,160.03,6tMVKinDJscKFaPv6JHsIJ,263000,4
953,0.687,0.643,-4.763,0.0406,0.0518,3.31e-06,0.11,0.418,135.068,2DQayQSTaomynGyTLXzGs0,188833,4
954,0.898,0.516,-12.306,0.0927,0.0427,0.892,0.141,0.455,120.025,0Ks90Epgqm9oSMIPnYIhkx,148976,4
955,0.605,0.707,-7.734,0.046,0.0484,0.000122,0.122,0.6,113.772,29sEmSIzC0w4DuGInHM8yN,183133,5
956,0.757,0.671,-8.478,0.0799,0.13,0.52,0.764,0.308,99.991,3Oph7q1xVJPOesfVXQhSzW,196023,4
957,0.503,0.795,-5.355,0.0856,0.118,0.0,0.103,0.414,144.005,7IRe1bo7Zm0q5Fn9MlNMZM,196466,4
958,0.53,0.939,-4.507,0.0313,0.00327,0.0574,0.419,0.259,134.849,2BTOIRwq7HzrjASCbelUOY,432521,4
959,0.56,0.41,-9.227,0.0276,0.544,0.0,0.151,0.28,144.727,39ZVkOVxjG8ypNdUSVNkxU,187293,4
960,0.585,0.259,-11.558,0.0417,0.617,0.916,0.1,0.0744,150.018,6rQ7mxwYNNrXqBDkRQqyLN,176797,4
961,0.417,0.66,-7.292,0.242,0.00928,2.83e-06,0.1,0.415,95.941,7kwQdjMOQqS4A85kKTWDHo,190413,4
962,0.777,0.808,-10.885,0.125,0.443,0.883,0.11,0.39,123.032,4WjRdopPXB766Z6uceH7KC,174000,4
963,0.708,0.629,-6.698,0.0918,0.0129,0.0,0.145,0.348,119.924,41HI3rMtZ1Nt0spzyg2q6X,204533,5
964,0.823,0.706,-11.274,0.0536,0.00262,0.803,0.204,0.424,123.945,5mYVWAO0SShtxVMtDZrRYX,150976,4
965,0.543,0.593,-6.974,0.0673,0.148,0.0,0.113,0.755,159.982,5az1tROvlEb7Li1ghDispQ,183773,4
966,0.71,0.626,-13.004,0.041,0.382,0.913,0.123,0.488,123.971,1YHzShntppul5mrt5ZWROO,186019,4
967,0.659,0.519,-8.053,0.154,0.0321,1.47e-06,0.115,0.246,94.987,2AEmKjIyzioMbJ3FGPXWRO,155893,4
968,0.474,0.569,-17.025,0.077,0.759,0.612,0.0923,0.739,119.651,3v0rxEhefi2WzM77QUXLTI,230000,4
969,0.817,0.501,-9.623,0.0481,0.258,0.0,0.102,0.408,129.979,3HgmGFYiO8967EFji8CSdM,236308,4
970,0.448,0.973,-4.336,0.0356,0.0202,0.894,0.284,0.29,137.822,2lJjGreTRWlRCyPwEBHUsa,242916,4
971,0.591,0.418,-10.513,0.106,0.388,0.0,0.0781,0.498,112.197,3qFBpFNpdKdylKZHXl4LsS,219587,3
972,0.315,0.948,-5.294,0.038,0.0114,0.00686,0.0983,0.365,134.637,1M8npW1Lhzr94Jxbe4fz9b,252103,4
973,0.835,0.679,-5.329,0.0364,0.583,1.98e-06,0.218,0.85,124.98,5ww2BF9slyYgNOk37BlC4u,162638,4
974,0.559,0.945,-5.296,0.0318,0.011,0.0075,0.0983,0.375,134.635,3dr4SG9q0Vt6Tpg7r1OyC7,252103,4
975,0.695,0.603,-6.547,0.105,0.103,0.0,0.0843,0.904,86.988,2aubFl5KfYtugP3jUtizRw,234947,4
976,0.423,0.407,-7.45,0.0267,0.312,0.000961,0.11,0.161,139.048,18GJU4cybZ3uQZSaatFhYP,285120,3
977,0.717,0.645,-7.231,0.0436,0.00823,0.000324,0.233,0.483,139.846,3sBOR7RntAnrIw8mVxD2BM,187680,4
978,0.801,0.347,-10.453,0.0689,0.585,0.815,0.115,0.333,127.996,28PdG6slj1b1O3lapFhZ20,178756,4
979,0.734,0.629,-7.597,0.055,0.0643,0.0,0.121,0.217,99.042,0TKUB8InpEvET3Tsc3j8Jx,204667,4
980,0.617,0.865,-4.463,0.0435,0.00929,0.0073,0.26,0.297,122.985,3sVa2W5sW5yqXnu6xbW5oP,233896,4
981,0.507,0.433,-8.972,0.0671,0.144,1.86e-06,0.164,0.189,92.738,1ueyfmW3Yi4P6WxoKHRmLz,190440,4
982,0.594,0.845,-5.88,0.0536,0.00311,0.000982,0.0639,0.523,122.044,5gKyjpzC8jFdMBEk4fw085,238033,4
983,0.765,0.674,-7.009,0.125,0.00942,0.0,0.189,0.505,91.538,6JcQQGncihHYDq5xAbNn8E,180787,4
984,0.594,0.845,-5.88,0.0536,0.00311,0.000982,0.0639,0.523,122.044,5GH9wm2OsIx21xBVNAmaqz,238033,4
985,0.741,0.788,-6.403,0.2,0.00119,0.0,0.0957,0.307,160.03,3gOL6mYIq19Oq8raxIntrV,132987,4
986,0.594,0.845,-5.88,0.0536,0.00311,0.000982,0.0639,0.523,122.044,499VdZ7TpfK5bHEdPsRchO,238033,4
987,0.353,0.701,-5.169,0.0341,0.0755,0.0,0.191,0.464,89.739,4WkyOBjeLPk7rAisyKl0uN,166246,4
988,0.705,0.485,-10.916,0.0688,0.15,0.921,0.386,0.678,74.987,2V41EsXazMPMcBROlSXVgU,173819,4
989,0.735,0.76,-6.572,0.114,0.366,1.52e-05,0.606,0.687,140.068,1SkzK37qLSi7Sp6PwYTC0A,219093,4
990,0.557,0.985,0.175,0.0641,0.00607,0.452,0.107,0.839,175.943,63jJfp6bkjI6uFatgYwR1p,340909,4
991,0.757,0.773,-5.505,0.0571,0.0564,0.000168,0.146,0.704,113.039,5AA8DnkZcWevhrvrXiSQdq,218053,4
992,0.594,0.845,-5.88,0.0536,0.00311,0.000982,0.0639,0.523,122.044,4xzhim0urq49HIl1v0jDHG,238033,4
993,0.676,0.779,-3.501,0.0313,0.163,0.0,0.155,0.476,100.083,2gpaJPUWNx2xmOwy2NNLu8,238561,3
994,0.753,0.392,-9.788,0.0332,0.0352,0.481,0.109,0.275,142.042,1S5m6vKU5xK4fom4r3jhzk,72676,4
995,0.513,0.773,-6.136,0.0916,0.00694,0.0,0.119,0.885,169.936,5PZ069oSfGfaYhXsQzRzRl,153893,4
996,0.594,0.845,-5.88,0.0536,0.00311,0.000982,0.0639,0.523,122.044,5ejyH6Y3iBbMBoTa0vAbkI,238033,4
997,0.535,0.459,-9.948,0.0334,0.109,0.0,0.116,0.286,144.158,3lMfuXtx3M6QJzspvt8mF6,150720,4
